Series Name,Series Code,Country Name,Country Code,1990 [YR1990],2000 [YR2000],2007 [YR2007],2008 [YR2008],2009 [YR2009],2010 [YR2010],2011 [YR2011],2012 [YR2012],2013 [YR2013],2014 [YR2014],2015 [YR2015],2016 [YR2016]
"Own-account workers, total (% of male employment) (modeled ILO estimate)",SL.EMP.OWAC.ZS,Arab World,ARB,..,20.5715930936158,20.1064066357929,19.0976110214357,19.4936795361091,19.3758879477214,19.3696438961292,19.0673693970549,19.7799540172923,19.3139857200006,19.2742957380416,19.1008068385404
"Own-account workers, total (% of male employment) (modeled ILO estimate)",SL.EMP.OWAC.ZS,East Asia & Pacific,EAS,..,28.6849287503393,27.6825821347484,27.2997758185006,27.2577104513373,26.8502986121079,26.3432106823659,25.9280121717869,25.9456987523613,25.6607580570978,25.6528548353809,25.738112716086
"Own-account workers, total (% of male employment) (modeled ILO estimate)",SL.EMP.OWAC.ZS,East Asia & Pacific (excluding high income),EAP,..,30.3757337079952,29.362763297649,28.9648028262714,28.9160274409883,28.4979232737584,27.9576367137702,27.6204399174406,27.6805295757451,27.376136099273,27.4108046934397,27.5362173296021
"Own-account workers, total (% of male employment) (modeled ILO estimate)",SL.EMP.OWAC.ZS,Euro area,EMU,..,8.74438348113597,9.86881095785963,9.60586382193086,9.70150774416196,9.91362977939108,9.9345786012541,10.0791276563728,10.0572259703431,10.0610783378135,9.93805914835948,9.8066333948773
"Own-account workers, total (% of male employment) (modeled ILO estimate)",SL.EMP.OWAC.ZS,Europe & Central Asia,ECS,..,12.4193183134194,11.9494790223103,11.8095102379254,11.8822238810336,12.0256571541241,12.1332723738547,12.104182761221,12.1791366043507,11.8206957649187,11.7236082931392,11.7136177182761
"Own-account workers, total (% of male employment) (modeled ILO estimate)",SL.EMP.OWAC.ZS,Europe & Central Asia (excluding high income),ECA,..,16.223751256916,14.354972942769,14.2936768902767,14.2768585745123,14.2324534709702,14.3684580667673,14.1140886952542,14.3465600719691,13.5054644459755,13.4335131004219,13.4968048551296
"Own-account workers, total (% of male employment) (modeled ILO estimate)",SL.EMP.OWAC.ZS,European Union,EUU,..,10.2919808973187,10.5233463602191,10.3226938946689,10.4587220094398,10.7888637739733,10.7735325560069,10.9207305388293,10.849103876072,10.8832880538446,10.7264825354117,10.6183057745157
"Own-account workers, total (% of male employment) (modeled ILO estimate)",SL.EMP.OWAC.ZS,Heavily indebted poor countries (HIPC),HPC,..,53.673337620446,49.4400071064205,50.3262859977547,50.5343828903781,50.3275638696527,48.9407145858008,49.1523994006499,48.5779598521035,48.1256518547694,48.0569025544136,47.2207035921528
"Own-account workers, total (% of male employment) (modeled ILO estimate)",SL.EMP.OWAC.ZS,High income,HIC,..,10.3907310689172,10.1592477974528,9.96731894533302,10.0747400885325,9.96339877594634,9.87831886894439,9.64637694162415,9.54923475684533,9.54360349310679,9.44458235585389,9.39408769312592
"Own-account workers, total (% of male employment) (modeled ILO estimate)",SL.EMP.OWAC.ZS,Latin America & Caribbean,LCN,..,27.2654766990457,25.8881776945199,25.9962621525943,26.3231009102234,26.3892731992858,26.4877680295092,26.693349737312,26.8546728707466,26.7933551375125,27.2567095225934,27.7176957729064
"Own-account workers, total (% of male employment) (modeled ILO estimate)",SL.EMP.OWAC.ZS,Latin America & Caribbean (excluding high income),LAC,..,27.9526108879344,26.6882853728442,26.8121350268569,27.0482463603942,27.3284647863382,27.437556250007,27.6865396561678,27.7885919403249,27.6266310958207,28.1256908401748,28.6261034147406
"Own-account workers, total (% of male employment) (modeled ILO estimate)",SL.EMP.OWAC.ZS,Least developed countries: UN classification,LDC,..,49.3645724888909,45.1409484894474,45.6532353408268,45.779378625942,45.4716709015209,45.6526703861736,45.95633106788,45.5740713995457,45.3087212715903,45.1431361538464,44.5663150024125
"Own-account workers, total (% of male employment) (modeled ILO estimate)",SL.EMP.OWAC.ZS,Low & middle income,LMY,..,38.4741893231721,37.4832254276546,37.4378443973818,37.6301956017356,37.4853302798088,36.7524352316253,36.6491350363796,36.7979788764085,36.7460357136109,36.9749159477623,37.0489542855188
"Own-account workers, total (% of male employment) (modeled ILO estimate)",SL.EMP.OWAC.ZS,Low income,LIC,..,51.2545006551483,46.2433236503857,46.9661021864277,47.2166025890659,46.9201223591595,46.3366633097649,46.7994105369847,46.2939171659528,46.0549618090771,45.9584061732271,45.2901097528927
"Own-account workers, total (% of male employment) (modeled ILO estimate)",SL.EMP.OWAC.ZS,Lower middle income,LMC,..,51.7818619884902,51.369043244882,51.4121789049345,51.5737839668592,51.3916928337632,49.9082815365922,49.456717485064,49.5493019689126,49.4657805953626,49.5314581566282,49.4138661759528
"Own-account workers, total (% of male employment) (modeled ILO estimate)",SL.EMP.OWAC.ZS,Middle East & North Africa,MEA,..,20.8265397550643,20.3545481845951,19.4854489746269,19.5966886245919,19.4910059064153,19.5267649100925,19.3730291169214,20.1415153429898,19.7259807047291,19.6138249194042,19.7596770145174
"Own-account workers, total (% of male employment) (modeled ILO estimate)",SL.EMP.OWAC.ZS,Middle East & North Africa (excluding high income),MNA,..,23.7255636127848,23.7786147726518,22.9675825304803,23.2449455714026,23.5228776179887,23.7735744520649,23.7594044390739,24.8313048154743,24.4937492907055,24.4553697768206,24.4999525416094
"Own-account workers, total (% of male employment) (modeled ILO estimate)",SL.EMP.OWAC.ZS,Middle income,MIC,..,37.3011591978617,36.6064937985628,36.4648580837391,36.6293160021075,36.4826678913149,35.7170573484404,35.5300523583701,35.7318103588068,35.6815226518523,35.9273960931273,36.0690032071962
"Own-account workers, total (% of male employment) (modeled ILO estimate)",SL.EMP.OWAC.ZS,North America,NAC,..,7.4755884814785,7.22365723562405,7.06618699884293,7.21002741564567,7.13300478602815,6.94123577537055,6.89463049940728,6.77435609276859,6.64681926421712,6.63293961884565,6.60004690476827
"Own-account workers, total (% of male employment) (modeled ILO estimate)",SL.EMP.OWAC.ZS,OECD members,OED,..,11.7177685839757,11.5167801991119,11.3421535306418,11.5266996178971,11.4879996501128,11.4229804173154,11.2216063482503,11.1230853313708,10.9043588917363,10.4434151983012,..
"Own-account workers, total (% of male employment) (modeled ILO estimate)",SL.EMP.OWAC.ZS,South Asia,SAS,..,60.8235573021912,58.8535820982449,59.0520340834425,59.3490095291174,59.4005453144282,57.8744935040325,57.8450749388631,57.905443778846,58.1400483104418,58.2365574021878,58.0518613992951
"Own-account workers, total (% of male employment) (modeled ILO estimate)",SL.EMP.OWAC.ZS,Sub-Saharan Africa,SSF,..,51.837330208813,49.3947465676828,50.1297308595553,50.5973029456178,50.3061357765193,48.8625598329304,48.9176010727185,48.4483689557331,48.3759330113059,48.645152520443,48.005462457788
"Own-account workers, total (% of male employment) (modeled ILO estimate)",SL.EMP.OWAC.ZS,Sub-Saharan Africa (excluding high income),SSA,..,51.837330208813,49.3947465676828,50.1297308595553,50.5973029456178,50.3061357765193,48.8625598329304,48.9176010727185,48.4483689557331,48.3759330113059,48.645152520443,48.005462457788
"Own-account workers, total (% of male employment) (modeled ILO estimate)",SL.EMP.OWAC.ZS,Upper middle income,UMC,..,26.0906874901714,24.5260028221058,24.1387976969532,24.1784666938575,23.9531995613236,23.7048566794838,23.6722148284559,23.796752491978,23.6078603443274,23.8869090817557,24.055336133704
"Own-account workers, total (% of male employment) (modeled ILO estimate)",SL.EMP.OWAC.ZS,World,WLD,..,33.0142341347789,32.3582435296612,32.2874223706944,32.5745995167872,32.4750550001416,31.8802575003304,31.7663424737524,31.8929802069856,31.8451290594383,32.0043007848322,32.0474474535406
"Own-account workers, total (% of male employment) (modeled ILO estimate)",SL.EMP.OWAC.ZS,Afghanistan,AFG,..,42.7529983520508,42.0480003356934,42.4799995422363,40.9529991149902,40.9160003662109,40.7389984130859,40.068000793457,40.0180015563965,39.9930000305176,40.0859985351563,39.9179992675781
"Own-account workers, total (% of male employment) (modeled ILO estimate)",SL.EMP.OWAC.ZS,Albania,ALB,..,35.7910003662109,34.7560005187988,28.7000007629395,28.6650009155273,28.5590000152588,27.9349994659424,25.636999130249,24.382999420166,24.2329998016357,26.9599990844727,26.9500007629395
"Own-account workers, total (% of male employment) (modeled ILO estimate)",SL.EMP.OWAC.ZS,Algeria,DZA,..,21.4740009307861,26.7789993286133,26.0909996032715,28.2959995269775,27.6340007781982,27.3999996185303,24.1439990997314,24.7770004272461,25.1219997406006,26.2840003967285,26.5459995269775
"Own-account workers, total (% of male employment) (modeled ILO estimate)",SL.EMP.OWAC.ZS,American Samoa,ASM,..,..,..,..,..,..,..,..,..,..,..,..
"Own-account workers, total (% of male employment) (modeled ILO estimate)",SL.EMP.OWAC.ZS,Andorra,AND,..,..,..,..,..,..,..,..,..,..,..,..
"Own-account workers, total (% of male employment) (modeled ILO estimate)",SL.EMP.OWAC.ZS,Angola,AGO,..,52.3409996032715,55.632999420166,54.8450012207031,59.9700012207031,57.8950004577637,56.8250007629395,56.9700012207031,58.1539993286133,60.4879989624023,58.4700012207031,56.1969985961914
"Own-account workers, total (% of male employment) (modeled ILO estimate)",SL.EMP.OWAC.ZS,Antigua and Barbuda,ATG,..,..,..,..,..,..,..,..,..,..,..,..
"Own-account workers, total (% of male employment) (modeled ILO estimate)",SL.EMP.OWAC.ZS,Argentina,ARG,..,21.6650009155273,18.3120002746582,18.4710006713867,18.9529991149902,18.4759998321533,18.9080009460449,18.9790000915527,19.8619995117188,20.4769992828369,20.5540008544922,20.3279991149902
"Own-account workers, total (% of male employment) (modeled ILO estimate)",SL.EMP.OWAC.ZS,Armenia,ARM,..,24.7360000610352,25.8999996185303,25.0690002441406,25.2320003509521,27.4659996032715,29.9969997406006,28.6800003051758,30.1229991912842,35.7050018310547,34.6139984130859,33.7709999084473
"Own-account workers, total (% of male employment) (modeled ILO estimate)",SL.EMP.OWAC.ZS,Aruba,ABW,..,..,..,..,..,..,..,..,..,..,..,..
"Own-account workers, total (% of male employment) (modeled ILO estimate)",SL.EMP.OWAC.ZS,Australia,AUS,..,11.6079998016357,11.2489995956421,11.1120004653931,11.2290000915527,11.2880001068115,11.0790004730225,10.6199998855591,10.3190002441406,10.6239995956421,10.6409997940063,10.6630001068115
"Own-account workers, total (% of male employment) (modeled ILO estimate)",SL.EMP.OWAC.ZS,Austria,AUT,..,5.79400014877319,6.46799993515015,6.55399990081787,6.72100019454956,6.8899998664856,6.58599996566772,6.53700017929077,6.88299989700317,6.57800006866455,6.88899993896484,6.6729998588562
"Own-account workers, total (% of male employment) (modeled ILO estimate)",SL.EMP.OWAC.ZS,Azerbaijan,AZE,..,46.0740013122559,34.5089988708496,38.9729995727539,26.617000579834,26.7859992980957,28.0160007476807,27.4290008544922,26.5830001831055,27.0639991760254,25.9689998626709,21.6480007171631
"Own-account workers, total (% of male employment) (modeled ILO estimate)",SL.EMP.OWAC.ZS,"Bahamas, The",BHS,..,13.6639995574951,12.4910001754761,12.6929998397827,12.6429996490479,14.4829998016357,14.5450000762939,14.7019996643066,14.7569999694824,14.8610000610352,14.4409999847412,14.3199996948242
"Own-account workers, total (% of male employment) (modeled ILO estimate)",SL.EMP.OWAC.ZS,Bahrain,BHR,..,1.54700005054474,1.50899994373322,1.47000002861023,1.41999995708466,1.44200003147125,1.36899995803833,1.37899994850159,1.35300004482269,1.35800004005432,1.41299998760223,1.47500002384186
"Own-account workers, total (% of male employment) (modeled ILO estimate)",SL.EMP.OWAC.ZS,Bangladesh,BGD,..,43.3209991455078,42.4269981384277,42.1100006103516,41.6129989624023,41.2220001220703,45.5229988098145,45.1940002441406,44.8219985961914,44.4500007629395,44.109001159668,43.6720008850098
"Own-account workers, total (% of male employment) (modeled ILO estimate)",SL.EMP.OWAC.ZS,Barbados,BRB,..,12.3819999694824,16.0709991455078,16.121000289917,16.1380004882813,16.0470008850098,16.0100002288818,15.9309997558594,15.7810001373291,15.7229995727539,15.7270002365112,15.8090000152588
"Own-account workers, total (% of male employment) (modeled ILO estimate)",SL.EMP.OWAC.ZS,Belarus,BLR,..,2.36800003051758,2.19000005722046,2.10800004005432,2.0699999332428,2.43700003623962,2.33999991416931,2.24499988555908,2.24200010299683,2.32100009918213,2.34899997711182,2.49799990653992
"Own-account workers, total (% of male employment) (modeled ILO estimate)",SL.EMP.OWAC.ZS,Belgium,BEL,..,9.4370002746582,9.03999996185303,8.82499980926514,9.08699989318848,8.92700004577637,9.07400035858154,9.42199993133545,9.88500022888184,9.60799980163574,10.0010004043579,9.90100002288818
"Own-account workers, total (% of male employment) (modeled ILO estimate)",SL.EMP.OWAC.ZS,Belize,BLZ,..,20.0340003967285,19.4750003814697,19.5979995727539,19.5790004730225,19.5030002593994,19.6030006408691,19.1679992675781,19.0410003662109,18.9699993133545,18.8379993438721,22.2509994506836
"Own-account workers, total (% of male employment) (modeled ILO estimate)",SL.EMP.OWAC.ZS,Benin,BEN,..,72.2180023193359,76.1279983520508,76.7409973144531,76.5999984741211,75.9120025634766,71.7689971923828,72.0960006713867,71.1480026245117,71.3420028686523,72.2509994506836,72.5879974365234
"Own-account workers, total (% of male employment) (modeled ILO estimate)",SL.EMP.OWAC.ZS,Bermuda,BMU,..,..,..,..,..,..,..,..,..,..,..,..
"Own-account workers, total (% of male employment) (modeled ILO estimate)",SL.EMP.OWAC.ZS,Bhutan,BTN,..,13.918999671936,22.128999710083,22.2339992523193,22.3239994049072,27.2970008850098,28.5370006561279,29.8560009002686,31.9969997406006,32.3950004577637,37.4949989318848,37.8629989624023
"Own-account workers, total (% of male employment) (modeled ILO estimate)",SL.EMP.OWAC.ZS,Bolivia,BOL,..,26.7900009155273,27.1940002441406,27.0930004119873,27.0069999694824,27.1609992980957,27.2290000915527,27.1730003356934,26.9659996032715,26.9060001373291,26.617000579834,26.371000289917
"Own-account workers, total (% of male employment) (modeled ILO estimate)",SL.EMP.OWAC.ZS,Bosnia and Herzegovina,BIH,..,19.3700008392334,17.6870002746582,17.253999710083,19.4529991149902,19.8689994812012,18.9689998626709,21.693000793457,19.7169990539551,14.4779996871948,16.4890003204346,16.5289993286133
"Own-account workers, total (% of male employment) (modeled ILO estimate)",SL.EMP.OWAC.ZS,Botswana,BWA,..,5.72300004959106,7.3899998664856,7.9520001411438,8.77799987792969,8.4350004196167,10.7609996795654,11.3769998550415,11.0179996490479,10.5729999542236,11.0769996643066,11.7530002593994
"Own-account workers, total (% of male employment) (modeled ILO estimate)",SL.EMP.OWAC.ZS,Brazil,BRA,..,24.0849990844727,22.1520004272461,21.1830005645752,21.3969993591309,22.0659999847412,21.9990005493164,22.9860000610352,23.1529998779297,23.257999420166,24.306999206543,25.1949996948242
"Own-account workers, total (% of male employment) (modeled ILO estimate)",SL.EMP.OWAC.ZS,British Virgin Islands,VGB,..,..,..,..,..,..,..,..,..,..,..,..
"Own-account workers, total (% of male employment) (modeled ILO estimate)",SL.EMP.OWAC.ZS,Brunei Darussalam,BRN,..,3.48300004005432,3.98799991607666,3.89299988746643,4.17399978637695,4.13399982452393,3.99200010299683,3.98200011253357,4.03599977493286,4.11999988555908,4.36600017547607,4.50699996948242
"Own-account workers, total (% of male employment) (modeled ILO estimate)",SL.EMP.OWAC.ZS,Bulgaria,BGR,..,12.3690004348755,7.22499990463257,7.76900005340576,8.00699996948242,7.85500001907349,7.46999979019165,7.19700002670288,7.55999994277954,7.99399995803833,7.82000017166138,7.57600021362305
"Own-account workers, total (% of male employment) (modeled ILO estimate)",SL.EMP.OWAC.ZS,Burkina Faso,BFA,..,42.5379981994629,44.765998840332,52.6080017089844,47.1389999389648,45.6539993286133,42.4010009765625,44.4300003051758,46.8440017700195,46.8339996337891,44.6520004272461,44.0960006713867
"Own-account workers, total (% of male employment) (modeled ILO estimate)",SL.EMP.OWAC.ZS,Burundi,BDI,..,87.004997253418,81.9629974365234,84.4209976196289,84.3399963378906,84.4199981689453,84.3870010375977,84.6179962158203,84.161003112793,83.7679977416992,85.8470001220703,84.6880035400391
"Own-account workers, total (% of male employment) (modeled ILO estimate)",SL.EMP.OWAC.ZS,Cabo Verde,CPV,..,33.3050003051758,30.1650009155273,29.0139999389648,28.7849998474121,28.8290004730225,28.6870002746582,29.0009994506836,28.7049999237061,28.2299995422363,28.6389999389648,28.5550003051758
"Own-account workers, total (% of male employment) (modeled ILO estimate)",SL.EMP.OWAC.ZS,Cambodia,KHM,..,41.2140007019043,38.9519996643066,39.4059982299805,33.306999206543,33.6150016784668,33.632999420166,33.5050010681152,33.2890014648438,33.056999206543,32.6119995117188,32.2439994812012
"Own-account workers, total (% of male employment) (modeled ILO estimate)",SL.EMP.OWAC.ZS,Cameroon,CMR,..,58.1809997558594,70.7300033569336,70.9300003051758,70.7639999389648,70.75,70.8259963989258,70.4779968261719,70.2630004882813,69.7300033569336,70.0179977416992,70.2740020751953
"Own-account workers, total (% of male employment) (modeled ILO estimate)",SL.EMP.OWAC.ZS,Canada,CAN,..,10.3129997253418,10.2829999923706,10.3280000686646,10.878999710083,10.6990003585815,10.4980001449585,10.5450000762939,10.5959997177124,10.5649995803833,10.5220003128052,10.6029996871948
"Own-account workers, total (% of male employment) (modeled ILO estimate)",SL.EMP.OWAC.ZS,Cayman Islands,CYM,..,..,..,..,..,..,..,..,..,..,..,..
"Own-account workers, total (% of male employment) (modeled ILO estimate)",SL.EMP.OWAC.ZS,Central African Republic,CAF,..,70.6869964599609,71.3460006713867,72.0699996948242,71.3199996948242,70.9100036621094,70.8239974975586,70.2149963378906,65.3499984741211,64.4789962768555,64.4580001831055,64.6159973144531
"Own-account workers, total (% of male employment) (modeled ILO estimate)",SL.EMP.OWAC.ZS,Chad,TCD,..,58.7449989318848,59.2439994812012,58.1389999389648,59.5190010070801,59.3489990234375,58.4900016784668,59.1669998168945,58.6450004577637,58.7949981689453,60.7099990844727,61.640998840332
"Own-account workers, total (% of male employment) (modeled ILO estimate)",SL.EMP.OWAC.ZS,Channel Islands,CHI,..,9.48299980163574,9.03499984741211,9.13300037384033,9.48700046539307,9.41800022125244,9.44799995422363,9.47999954223633,9.42700004577637,9.38599967956543,9.32600021362305,9.32400035858154
"Own-account workers, total (% of male employment) (modeled ILO estimate)",SL.EMP.OWAC.ZS,Chile,CHL,..,25.2409992218018,23.1909999847412,22.7310009002686,25.0930004119873,19.4540004730225,19.382999420166,18.69700050354,18.9069995880127,19.5860004425049,19.5410003662109,20.4330005645752
"Own-account workers, total (% of male employment) (modeled ILO estimate)",SL.EMP.OWAC.ZS,China,CHN,..,27.8980007171631,26.1609992980957,25.5809993743896,25.5659999847412,25.1800003051758,24.7859992980957,24.6849994659424,24.7180004119873,24.673999786377,24.9529991149902,25.0069999694824
"Own-account workers, total (% of male employment) (modeled ILO estimate)",SL.EMP.OWAC.ZS,Colombia,COL,..,40.6380004882813,36.2849998474121,42.3160018920898,42.6300010681152,43.5709991455078,43.8219985961914,42.9819984436035,43.1199989318848,42.6469993591309,42.8040008544922,43.4770011901855
"Own-account workers, total (% of male employment) (modeled ILO estimate)",SL.EMP.OWAC.ZS,Comoros,COM,..,52.8800010681152,50.7929992675781,50.984001159668,51.4230003356934,51.6780014038086,51.1969985961914,51.6790008544922,51.2789993286133,50.7610015869141,50.6419982910156,50.2999992370605
"Own-account workers, total (% of male employment) (modeled ILO estimate)",SL.EMP.OWAC.ZS,"Congo, Dem. Rep.",COD,..,37.3460006713867,37.9819984436035,36.4869995117188,37.7070007324219,37.2330017089844,36.4930000305176,36.7000007629395,36.0359992980957,35.8979988098145,37.7330017089844,38.5429992675781
"Own-account workers, total (% of male employment) (modeled ILO estimate)",SL.EMP.OWAC.ZS,"Congo, Rep.",COG,..,70.4530029296875,70.125,69.5390014648438,70.1600036621094,69.7200012207031,69.2289962768555,69.3939971923828,69.0510025024414,69.0090026855469,69.9309997558594,70.3769989013672
"Own-account workers, total (% of male employment) (modeled ILO estimate)",SL.EMP.OWAC.ZS,Costa Rica,CRI,..,20.9419994354248,17.9150009155273,18.0909996032715,18.5100002288818,19.2609996795654,14.0100002288818,13.9379997253418,15.8950004577637,15.2259998321533,14.7150001525879,13.8540000915527
"Own-account workers, total (% of male employment) (modeled ILO estimate)",SL.EMP.OWAC.ZS,Cote d'Ivoire,CIV,..,59.4609985351563,58.0110015869141,58.2019996643066,56.6940002441406,60.8160018920898,61.6310005187988,58.7029991149902,62.6510009765625,62.0999984741211,60.8359985351563,59.148998260498
"Own-account workers, total (% of male employment) (modeled ILO estimate)",SL.EMP.OWAC.ZS,Croatia,HRV,..,13.9460000991821,13.1490001678467,13.3990001678467,13.5819997787476,14.4940004348755,14.4479999542236,12.8909997940063,12.0830001831055,8.9069995880127,8.54399967193604,7.30399990081787
"Own-account workers, total (% of male employment) (modeled ILO estimate)",SL.EMP.OWAC.ZS,Cuba,CUB,..,10.9580001831055,10.3950004577637,10.3830003738403,4.45699977874756,4.67000007629395,8.17000007629395,8.57900047302246,9.05700016021729,10.2150001525879,10.1429996490479,10.1730003356934
"Own-account workers, total (% of male employment) (modeled ILO estimate)",SL.EMP.OWAC.ZS,Curacao,CUW,..,..,..,..,..,..,..,..,..,..,..,..
"Own-account workers, total (% of male employment) (modeled ILO estimate)",SL.EMP.OWAC.ZS,Cyprus,CYP,..,15.1660003662109,12.6579999923706,12.6079998016357,12.3879995346069,11.8660001754761,11.6770000457764,10.8800001144409,12.0520000457764,12.4829998016357,11.3999996185303,11.3249998092651
"Own-account workers, total (% of male employment) (modeled ILO estimate)",SL.EMP.OWAC.ZS,Czech Republic,CZE,..,10.2959995269775,11.8319997787476,11.9180002212524,12.4440002441406,13.4799995422363,13.9169998168945,14.4580001831055,13.5590000152588,13.9490003585815,13.2170000076294,13.4969997406006
"Own-account workers, total (% of male employment) (modeled ILO estimate)",SL.EMP.OWAC.ZS,Denmark,DNK,..,4.00099992752075,4.58599996566772,4.59600019454956,5.02899980545044,5.2039999961853,5.23099994659424,5.34100008010864,5.3899998664856,5.18300008773804,4.82200002670288,4.86800003051758
"Own-account workers, total (% of male employment) (modeled ILO estimate)",SL.EMP.OWAC.ZS,Djibouti,DJI,..,30.4230003356934,29.2929992675781,28.4400005340576,28.3020000457764,28.1060009002686,28.2439994812012,27.8349990844727,27.4860000610352,26.3810005187988,26.4979991912842,26.6110000610352
"Own-account workers, total (% of male employment) (modeled ILO estimate)",SL.EMP.OWAC.ZS,Dominica,DMA,..,..,..,..,..,..,..,..,..,..,..,..
"Own-account workers, total (% of male employment) (modeled ILO estimate)",SL.EMP.OWAC.ZS,Dominican Republic,DOM,..,37.9710006713867,38.8030014038086,39.8940010070801,41.2200012207031,42.3429985046387,42.2179985046387,41.9119987487793,40.5460014343262,40.9210014343262,40.1969985961914,39.9589996337891
"Own-account workers, total (% of male employment) (modeled ILO estimate)",SL.EMP.OWAC.ZS,Ecuador,ECU,..,29.9370002746582,31.2950000762939,31.2779998779297,31.0820007324219,31.1049995422363,32.8170013427734,31.9820003509521,31.6310005187988,30.9909992218018,31.3889999389648,33.226001739502
"Own-account workers, total (% of male employment) (modeled ILO estimate)",SL.EMP.OWAC.ZS,"Egypt, Arab Rep.",EGY,..,11.4169998168945,13.2760000228882,10.8290004730225,11.0640001296997,12.3070001602173,12.1899995803833,12.0509996414185,14.9139995574951,13.6770000457764,12.8940000534058,12.0699996948242
"Own-account workers, total (% of male employment) (modeled ILO estimate)",SL.EMP.OWAC.ZS,El Salvador,SLV,..,31.4549999237061,29,29.4589996337891,33.1040000915527,30.5879993438721,30.4720001220703,29.7900009155273,29.9479999542236,28.0219993591309,29.1870002746582,28.8640003204346
"Own-account workers, total (% of male employment) (modeled ILO estimate)",SL.EMP.OWAC.ZS,Equatorial Guinea,GNQ,..,31.75,26.6669998168945,25.6949996948242,26.1189994812012,25.7019996643066,25.6609992980957,25.7740001678467,25.2490005493164,25.386999130249,26.5429992675781,27.2999992370605
"Own-account workers, total (% of male employment) (modeled ILO estimate)",SL.EMP.OWAC.ZS,Eritrea,ERI,..,34.6150016784668,44.6319999694824,35.931999206543,35.3009986877441,38.7080001831055,36.6399993896484,36.8569984436035,37.2220001220703,36.7169990539551,36.6559982299805,36.6209983825684
"Own-account workers, total (% of male employment) (modeled ILO estimate)",SL.EMP.OWAC.ZS,Estonia,EST,..,4.68499994277954,5.64799976348877,4.33699989318848,4.32100009918213,4.81899976730347,4.52400016784668,4.78399991989136,5.11999988555908,5.49200010299683,5.59000015258789,5.49900007247925
"Own-account workers, total (% of male employment) (modeled ILO estimate)",SL.EMP.OWAC.ZS,Eswatini,SWZ,..,19.6490001678467,18.5939998626709,18.4200000762939,18.1070003509521,18.6569995880127,18.5860004425049,18.382999420166,18.5769996643066,18.4260005950928,18.4120006561279,18.4120006561279
"Own-account workers, total (% of male employment) (modeled ILO estimate)",SL.EMP.OWAC.ZS,Ethiopia,ETH,..,43.8339996337891,40.4129981994629,43.3619995117188,43.9039993286133,41.0439987182617,40.9280014038086,43.5470008850098,40.4959983825684,37.2750015258789,34.3810005187988,31.9099998474121
"Own-account workers, total (% of male employment) (modeled ILO estimate)",SL.EMP.OWAC.ZS,Faroe Islands,FRO,..,..,..,..,..,..,..,..,..,..,..,..
"Own-account workers, total (% of male employment) (modeled ILO estimate)",SL.EMP.OWAC.ZS,Fiji,FJI,..,24.9669990539551,24.826000213623,24.8899993896484,24.9669990539551,24.9650001525879,24.8460006713867,24.7880001068115,24.5400009155273,24.7919998168945,24.5709991455078,24.4769992828369
"Own-account workers, total (% of male employment) (modeled ILO estimate)",SL.EMP.OWAC.ZS,Finland,FIN,..,8.55900001525879,8.03499984741211,8.52499961853027,9.02000045776367,8.68200016021729,8.81700038909912,9.06999969482422,8.97900009155273,9.28899955749512,9.53600025177002,9.4709997177124
"Own-account workers, total (% of male employment) (modeled ILO estimate)",SL.EMP.OWAC.ZS,France,FRA,..,5.85799980163574,5.94700002670288,5.3600001335144,5.88899993896484,6.52600002288818,6.71099996566772,6.67700004577637,6.57499980926514,6.96299982070923,6.97599983215332,7.20300006866455
"Own-account workers, total (% of male employment) (modeled ILO estimate)",SL.EMP.OWAC.ZS,French Polynesia,PYF,..,13.6359996795654,13.2419996261597,13.076000213623,13.0030002593994,13.289999961853,13.2449998855591,13.1029996871948,13.1149997711182,13.0909996032715,13.0649995803833,13.0069999694824
"Own-account workers, total (% of male employment) (modeled ILO estimate)",SL.EMP.OWAC.ZS,Gabon,GAB,..,31.3589992523193,30.5690002441406,29.5020008087158,31.3409996032715,29.9740009307861,28.7119998931885,28.8390007019043,29.0739994049072,29.6830005645752,30.8020000457764,31.3269996643066
"Own-account workers, total (% of male employment) (modeled ILO estimate)",SL.EMP.OWAC.ZS,"Gambia, The",GMB,..,59.7919998168945,59.6689987182617,63.4290008544922,64.6940002441406,66.3539962768555,60.9220008850098,61.0810012817383,60.4269981384277,58.2939987182617,58.9160003662109,56.8019981384277
"Own-account workers, total (% of male employment) (modeled ILO estimate)",SL.EMP.OWAC.ZS,Georgia,GEO,..,31.07200050354,34.4249992370605,35.1080017089844,36.0250015258789,35.9679985046387,34.7879981994629,34.2299995422363,35.8940010070801,34.9879989624023,33.0009994506836,32.8339996337891
"Own-account workers, total (% of male employment) (modeled ILO estimate)",SL.EMP.OWAC.ZS,Germany,DEU,..,5.05600023269653,6.1269998550415,5.99499988555908,6.13600015640259,6.15899991989136,6.31500005722046,6.29099988937378,6.01000022888184,5.8899998664856,5.74200010299683,5.61600017547607
"Own-account workers, total (% of male employment) (modeled ILO estimate)",SL.EMP.OWAC.ZS,Ghana,GHA,..,66.6729965209961,61.734001159668,63.8849983215332,64.8310012817383,63.3219985961914,50.6180000305176,46.7550010681152,46.1920013427734,45.6599998474121,44.4189987182617,42.9249992370605
"Own-account workers, total (% of male employment) (modeled ILO estimate)",SL.EMP.OWAC.ZS,Gibraltar,GIB,..,..,..,..,..,..,..,..,..,..,..,..
"Own-account workers, total (% of male employment) (modeled ILO estimate)",SL.EMP.OWAC.ZS,Greece,GRC,..,24.4589996337891,20.9939994812012,20.8199996948242,21.1919994354248,22.1219997406006,23.1270008087158,24.6350002288818,25.511999130249,25.0160007476807,23.7679996490479,22.8339996337891
"Own-account workers, total (% of male employment) (modeled ILO estimate)",SL.EMP.OWAC.ZS,Greenland,GRL,..,..,..,..,..,..,..,..,..,..,..,..
"Own-account workers, total (% of male employment) (modeled ILO estimate)",SL.EMP.OWAC.ZS,Grenada,GRD,..,..,..,..,..,..,..,..,..,..,..,..
"Own-account workers, total (% of male employment) (modeled ILO estimate)",SL.EMP.OWAC.ZS,Guam,GUM,..,24.0149993896484,23.9290008544922,23.4820003509521,23.3199996948242,23.5750007629395,23.1870002746582,23.1490001678467,23.3490009307861,23.2490005493164,23.2779998779297,23.2590007781982
"Own-account workers, total (% of male employment) (modeled ILO estimate)",SL.EMP.OWAC.ZS,Guatemala,GTM,..,36.3930015563965,30.9540004730225,31.0839996337891,31.0620002746582,31.0200004577637,29.0090007781982,30.7040004730225,30.8500003814697,27.6119995117188,27.1679992675781,26.2000007629395
"Own-account workers, total (% of male employment) (modeled ILO estimate)",SL.EMP.OWAC.ZS,Guinea,GIN,..,57.2569999694824,58.3600006103516,56.5470008850098,58.4290008544922,52.9939994812012,53.2179985046387,53.6119995117188,55.5169982910156,55.6549987792969,56.189998626709,56.5610008239746
"Own-account workers, total (% of male employment) (modeled ILO estimate)",SL.EMP.OWAC.ZS,Guinea-Bissau,GNB,..,61.435001373291,62.5120010375977,64.5970001220703,62.9930000305176,63.867000579834,63.2179985046387,64.3119964599609,61.3610000610352,60.3580017089844,61.9620018005371,63.3569984436035
"Own-account workers, total (% of male employment) (modeled ILO estimate)",SL.EMP.OWAC.ZS,Guyana,GUY,..,25.7040004730225,25.2070007324219,25.0429992675781,25.1919994354248,25.5639991760254,25.5009994506836,25.5499992370605,25.1240005493164,24.8610000610352,24.7159996032715,25.806999206543
"Own-account workers, total (% of male employment) (modeled ILO estimate)",SL.EMP.OWAC.ZS,Haiti,HTI,..,83.6740036010742,83.6389999389648,83.8000030517578,83.7229995727539,83.8679962158203,83.5849990844727,83.7080001831055,83.6920013427734,83.7770004272461,83.8519973754883,83.8539962768555
"Own-account workers, total (% of male employment) (modeled ILO estimate)",SL.EMP.OWAC.ZS,Honduras,HND,..,34.9480018615723,38.3240013122559,38.5670013427734,39.4129981994629,40.3849983215332,34.5830001831055,34.6139984130859,33.3450012207031,30.3859996795654,32.101001739502,28.5729999542236
"Own-account workers, total (% of male employment) (modeled ILO estimate)",SL.EMP.OWAC.ZS,"Hong Kong SAR, China",HKG,..,5.08599996566772,6.62599992752075,6.88600015640259,6.92999982833862,6.05299997329712,6.25,6.54099988937378,6.54400014877319,5.80299997329712,5.66900014877319,5.63800001144409
"Own-account workers, total (% of male employment) (modeled ILO estimate)",SL.EMP.OWAC.ZS,Hungary,HUN,..,9.48099994659424,6.78000020980835,6.74100017547607,6.88000011444092,6.56799983978271,6.45499992370605,6.09800004959106,5.72399997711182,5.54099988937378,5.4980001449585,5.51100015640259
"Own-account workers, total (% of male employment) (modeled ILO estimate)",SL.EMP.OWAC.ZS,Iceland,ISL,..,10.2030000686646,8.66600036621094,7.87099981307983,7.71500015258789,8.42099952697754,8.29199981689453,8.1870002746582,8.34700012207031,8.73499965667725,8.77299976348877,7.90399980545044
"Own-account workers, total (% of male employment) (modeled ILO estimate)",SL.EMP.OWAC.ZS,India,IND,..,65.5090026855469,64.9729995727539,65.4029998779297,65.8099975585938,66.0920028686523,63.5410003662109,63.818000793457,63.9329986572266,64.1019973754883,64.2259979248047,64.2990036010742
"Own-account workers, total (% of male employment) (modeled ILO estimate)",SL.EMP.OWAC.ZS,Indonesia,IDN,..,41.7939987182617,41.3720016479492,41.1279983520508,40.8779983520508,39.5,37.1339988708496,34.7490005493164,34.1599998474121,34.3320007324219,33.2509994506836,33.8349990844727
"Own-account workers, total (% of male employment) (modeled ILO estimate)",SL.EMP.OWAC.ZS,"Iran, Islamic Rep.",IRN,..,36.8520011901855,32.5410003662109,33.0789985656738,32.257999420166,32.5629997253418,32.5089988708496,33.5639991760254,34.810001373291,35.3289985656738,35.1349983215332,36.0989990234375
"Own-account workers, total (% of male employment) (modeled ILO estimate)",SL.EMP.OWAC.ZS,Iraq,IRQ,..,23.4699993133545,22.121000289917,22.007999420166,22.1149997711182,21.9169998168945,21.681999206543,21.7310009002686,21.4179992675781,21.1609992980957,21.511999130249,21.7689990997314
"Own-account workers, total (% of male employment) (modeled ILO estimate)",SL.EMP.OWAC.ZS,Ireland,IRL,..,11.8470001220703,10.4890003204346,11.043999671936,11.2969999313354,11.0869998931885,11.0539999008179,11.0410003662109,11.9139995574951,11.9779996871948,11.7760000228882,11.5059995651245
"Own-account workers, total (% of male employment) (modeled ILO estimate)",SL.EMP.OWAC.ZS,Isle of Man,IMN,..,..,..,..,..,..,..,..,..,..,..,..
"Own-account workers, total (% of male employment) (modeled ILO estimate)",SL.EMP.OWAC.ZS,Israel,ISR,..,6.88100004196167,7.28000020980835,7.14300012588501,7.44899988174438,7.78999996185303,7.69299983978271,7.73199987411499,7.69299983978271,7.93300008773804,7.9539999961853,12.164999961853
"Own-account workers, total (% of male employment) (modeled ILO estimate)",SL.EMP.OWAC.ZS,Italy,ITA,..,11.4449996948242,17.2800006866455,16.8419990539551,16.6709995269775,16.9839992523193,16.82200050354,16.8719997406006,16.5160007476807,16.7210006713867,16.4300003051758,16.1280002593994
"Own-account workers, total (% of male employment) (modeled ILO estimate)",SL.EMP.OWAC.ZS,Jamaica,JAM,..,36.1189994812012,32.306999206543,35.6069984436035,36.2099990844727,36.3520011901855,36.2620010375977,36.7150001525879,36.8089981079102,36.8689994812012,37.0019989013672,36.7910003662109
"Own-account workers, total (% of male employment) (modeled ILO estimate)",SL.EMP.OWAC.ZS,Japan,JPN,..,11.1239995956421,9.52700042724609,9.32400035858154,9.29100036621094,9.07400035858154,8.7790002822876,6.72800016403198,6.6100001335144,6.67799997329712,6.51200008392334,6.21199989318848
"Own-account workers, total (% of male employment) (modeled ILO estimate)",SL.EMP.OWAC.ZS,Jordan,JOR,..,10.0909996032715,8.32999992370605,8.77700042724609,9.15900039672852,9.22399997711182,8.96100044250488,9.29899978637695,9.34700012207031,9.27299976348877,9.22299957275391,9.21500015258789
"Own-account workers, total (% of male employment) (modeled ILO estimate)",SL.EMP.OWAC.ZS,Kazakhstan,KAZ,..,37.3849983215332,31.9389991760254,31.2520008087158,30.5130004882813,30.2609996795654,29.6420001983643,28.8320007324219,28.2229995727539,24.5200004577637,25.5090007781982,25.0090007781982
"Own-account workers, total (% of male employment) (modeled ILO estimate)",SL.EMP.OWAC.ZS,Kenya,KEN,..,17.8190002441406,12.9219999313354,13.4490003585815,14.0100002288818,14.9079999923706,15.3629999160767,15.2919998168945,15.6269998550415,16.2390003204346,17.8810005187988,19.2859992980957
"Own-account workers, total (% of male employment) (modeled ILO estimate)",SL.EMP.OWAC.ZS,Kiribati,KIR,..,..,..,..,..,..,..,..,..,..,..,..
"Own-account workers, total (% of male employment) (modeled ILO estimate)",SL.EMP.OWAC.ZS,"Korea, Dem. People’s Rep.",PRK,..,28.0960006713867,28.0240001678467,27.6749992370605,27.6079998016357,27.4060001373291,27.1650009155273,27.1989994049072,27.2900009155273,27.5419998168945,27.7339992523193,27.9580001831055
"Own-account workers, total (% of male employment) (modeled ILO estimate)",SL.EMP.OWAC.ZS,"Korea, Rep.",KOR,..,26.7080001831055,24.7029991149902,24.2399997711182,23.2150001525879,22.3090000152588,21.878999710083,21.9680004119873,21.3449993133545,20.9020004272461,20.2649993896484,20.0170001983643
"Own-account workers, total (% of male employment) (modeled ILO estimate)",SL.EMP.OWAC.ZS,Kosovo,XKX,..,..,..,..,..,..,..,..,..,..,..,..
"Own-account workers, total (% of male employment) (modeled ILO estimate)",SL.EMP.OWAC.ZS,Kuwait,KWT,..,2.25799989700317,2.04699993133545,2.01200008392334,1.99399995803833,1.9650000333786,1.95200002193451,1.92400002479553,1.89900004863739,1.87999999523163,1.86800003051758,1.86199998855591
"Own-account workers, total (% of male employment) (modeled ILO estimate)",SL.EMP.OWAC.ZS,Kyrgyz Republic,KGZ,..,36.5750007629395,36.4620018005371,33.125,29.8320007324219,28.3649997711182,28.0319995880127,27.6949996948242,30.128999710083,29.6180000305176,28.9419994354248,27.3589992523193
"Own-account workers, total (% of male employment) (modeled ILO estimate)",SL.EMP.OWAC.ZS,Lao PDR,LAO,..,41.5089988708496,48.6479988098145,48.818000793457,49.5320014953613,48.9819984436035,48.9519996643066,48.6240005493164,49.3170013427734,49.9589996337891,50.4490013122559,50.5559997558594
"Own-account workers, total (% of male employment) (modeled ILO estimate)",SL.EMP.OWAC.ZS,Latvia,LVA,..,6.65999984741211,6.03700017929077,5.45499992370605,6.23199987411499,6.16099977493286,6.58699989318848,6.5770001411438,6.52500009536743,6.77199983596802,7.49599981307983,7.80999994277954
"Own-account workers, total (% of male employment) (modeled ILO estimate)",SL.EMP.OWAC.ZS,Lebanon,LBN,..,28.568000793457,23.9659996032715,23.4060001373291,22.9930000305176,22.8889999389648,22.011999130249,21.8390007019043,22.2700004577637,21.92799949646,21.4449996948242,22.1900005340576
"Own-account workers, total (% of male employment) (modeled ILO estimate)",SL.EMP.OWAC.ZS,Lesotho,LSO,..,56.1279983520508,54.0200004577637,53.6389999389648,54.4059982299805,54.3769989013672,53.7169990539551,53.6549987792969,53.3899993896484,53.0369987487793,52.9809989929199,53.0989990234375
"Own-account workers, total (% of male employment) (modeled ILO estimate)",SL.EMP.OWAC.ZS,Liberia,LBR,..,61.5890007019043,63.0149993896484,64.3600006103516,64.4589996337891,62.9690017700195,60.1440010070801,59.4809989929199,58.4529991149902,59.5390014648438,62.4550018310547,62.5190010070801
"Own-account workers, total (% of male employment) (modeled ILO estimate)",SL.EMP.OWAC.ZS,Libya,LBY,..,25.4529991149902,22.378999710083,21.8369998931885,22.5069999694824,22.1909999847412,19.6940002441406,26.6060009002686,22.6870002746582,21.7290000915527,25.25,25.7840003967285
"Own-account workers, total (% of male employment) (modeled ILO estimate)",SL.EMP.OWAC.ZS,Liechtenstein,LIE,..,..,..,..,..,..,..,..,..,..,..,..
"Own-account workers, total (% of male employment) (modeled ILO estimate)",SL.EMP.OWAC.ZS,Lithuania,LTU,..,14.9479999542236,10.5620002746582,8.09200000762939,7.93599987030029,6.99100017547607,6.83300018310547,7.54699993133545,8.40999984741211,8.5600004196167,8.84099960327148,9.06400012969971
"Own-account workers, total (% of male employment) (modeled ILO estimate)",SL.EMP.OWAC.ZS,Luxembourg,LUX,..,2.84100008010864,4.11800003051758,3.87199997901917,5.2519998550415,4.52899980545044,5.47200012207031,5.25,5.77899980545044,5.85099983215332,5.38100004196167,5.32499980926514
"Own-account workers, total (% of male employment) (modeled ILO estimate)",SL.EMP.OWAC.ZS,"Macao SAR, China",MAC,..,6.95499992370605,4.40000009536743,3.84899997711182,4.10300016403198,4.20300006866455,4.02199983596802,3.73399996757507,3.26900005340576,2.81699991226196,2.97099995613098,3.07699990272522
"Own-account workers, total (% of male employment) (modeled ILO estimate)",SL.EMP.OWAC.ZS,"Macedonia, FYR",MKD,..,22.8120002746582,23.7310009002686,24.6840000152588,23.9409999847412,23.3150005340576,22.6089992523193,22.4669990539551,22.6240005493164,22.4729995727539,22.2880001068115,20.5650005340576
"Own-account workers, total (% of male employment) (modeled ILO estimate)",SL.EMP.OWAC.ZS,Madagascar,MDG,..,41.734001159668,39.6450004577637,39.1539993286133,42.0579986572266,41.5989990234375,42.3969993591309,42.4210014343262,44.6559982299805,44.9819984436035,44.5559997558594,42.2169990539551
"Own-account workers, total (% of male employment) (modeled ILO estimate)",SL.EMP.OWAC.ZS,Malawi,MWI,..,57.9860000610352,54.3129997253418,54.2919998168945,54.7000007629395,55.1959991455078,54.0670013427734,54.8310012817383,54.2639999389648,53.6040000915527,53.398998260498,52.7220001220703
"Own-account workers, total (% of male employment) (modeled ILO estimate)",SL.EMP.OWAC.ZS,Malaysia,MYS,..,17.1189994812012,17.4640007019043,17.4680004119873,17.1889991760254,17.1149997711182,15.6389999389648,16.6580009460449,17.4710006713867,16.5610008239746,17.6100006103516,17.8150005340576
"Own-account workers, total (% of male employment) (modeled ILO estimate)",SL.EMP.OWAC.ZS,Maldives,MDV,..,61.640998840332,20.6380004882813,19.3139991760254,19.2409992218018,19.5419998168945,18.632999420166,18.0879993438721,18.4759998321533,17.8400001525879,16.7329998016357,16.386999130249
"Own-account workers, total (% of male employment) (modeled ILO estimate)",SL.EMP.OWAC.ZS,Mali,MLI,..,54.2459983825684,42.4970016479492,44.7840003967285,42.7869987487793,44.560001373291,46.8540000915527,50.4480018615723,50.1759986877441,50.7700004577637,62.2000007629395,52.9850006103516
"Own-account workers, total (% of male employment) (modeled ILO estimate)",SL.EMP.OWAC.ZS,Malta,MLT,..,8.04899978637695,9.30300045013428,9.28699970245361,9.4709997177124,9.9069995880127,9.22700023651123,9.13899993896484,9.40799999237061,9.41800022125244,9.46700000762939,8.94499969482422
"Own-account workers, total (% of male employment) (modeled ILO estimate)",SL.EMP.OWAC.ZS,Marshall Islands,MHL,..,..,..,..,..,..,..,..,..,..,..,..
"Own-account workers, total (% of male employment) (modeled ILO estimate)",SL.EMP.OWAC.ZS,Mauritania,MRT,..,47.9669990539551,36.257999420166,35.9560012817383,37.3600006103516,33.2919998168945,29.3339996337891,31.2639999389648,30.7719993591309,35.5940017700195,39.4000015258789,38.8600006103516
"Own-account workers, total (% of male employment) (modeled ILO estimate)",SL.EMP.OWAC.ZS,Mauritius,MUS,..,15.0509996414185,14.7740001678467,14.3179998397827,13.8000001907349,13.6730003356934,13.3240003585815,14.4680004119873,14.7229995727539,14.6440000534058,14.5319995880127,13.9980001449585
"Own-account workers, total (% of male employment) (modeled ILO estimate)",SL.EMP.OWAC.ZS,Mexico,MEX,..,23.5139999389648,22.7029991149902,22.3439998626709,23.3929996490479,22.3729991912842,22.6599998474121,22.2639999389648,22.67799949646,22.4479999542236,22.4160003662109,22.3229999542236
"Own-account workers, total (% of male employment) (modeled ILO estimate)",SL.EMP.OWAC.ZS,"Micronesia, Fed. Sts.",FSM,..,..,..,..,..,..,..,..,..,..,..,..
"Own-account workers, total (% of male employment) (modeled ILO estimate)",SL.EMP.OWAC.ZS,Moldova,MDA,..,23.7980003356934,24.0450000762939,24.992000579834,23.0709991455078,26.0690002441406,25.7919998168945,24.2549991607666,26.242000579834,25.6480007171631,25.8509998321533,26.7709999084473
"Own-account workers, total (% of male employment) (modeled ILO estimate)",SL.EMP.OWAC.ZS,Monaco,MCO,..,..,..,..,..,..,..,..,..,..,..,..
"Own-account workers, total (% of male employment) (modeled ILO estimate)",SL.EMP.OWAC.ZS,Mongolia,MNG,..,31.6609992980957,34.5639991760254,34.4220008850098,37.2610015869141,46.7910003662109,48.6129989624023,47.3380012512207,47.4490013122559,46.4620018005371,47.5830001831055,44.0410003662109
"Own-account workers, total (% of male employment) (modeled ILO estimate)",SL.EMP.OWAC.ZS,Montenegro,MNE,..,15.2379999160767,17.7089996337891,16.1669998168945,15.1829996109009,14.1470003128052,8.97000026702881,7.375,9.79100036621094,10.0710000991821,9.38000011444092,9.3120002746582
"Own-account workers, total (% of male employment) (modeled ILO estimate)",SL.EMP.OWAC.ZS,Morocco,MAR,..,26.2189998626709,25.5219993591309,28.4780006408691,27.7110004425049,28.4500007629395,29.798999786377,30.1979999542236,30.6709995269775,29.5319995880127,30.2180004119873,29.1889991760254
"Own-account workers, total (% of male employment) (modeled ILO estimate)",SL.EMP.OWAC.ZS,Mozambique,MOZ,..,47.2379989624023,52.0439987182617,55.273998260498,56.4780006408691,56.0719985961914,55.056999206543,54.2760009765625,53.5019989013672,51.3380012512207,51.0550003051758,50.4990005493164
"Own-account workers, total (% of male employment) (modeled ILO estimate)",SL.EMP.OWAC.ZS,Myanmar,MMR,..,36.4550018310547,37.3499984741211,36.8800010681152,36.7120018005371,36.2900009155273,35.5369987487793,35.515998840332,35.6189994812012,35.1030006408691,35.0859985351563,36.2330017089844
"Own-account workers, total (% of male employment) (modeled ILO estimate)",SL.EMP.OWAC.ZS,Namibia,NAM,..,24.2080001831055,32.0200004577637,31.0130004882813,32.3470001220703,32.5970001220703,26.6569995880127,26.011999130249,28.1529998779297,24.1590003967285,21.5900001525879,21.4109992980957
"Own-account workers, total (% of male employment) (modeled ILO estimate)",SL.EMP.OWAC.ZS,Nauru,NRU,..,..,..,..,..,..,..,..,..,..,..,..
"Own-account workers, total (% of male employment) (modeled ILO estimate)",SL.EMP.OWAC.ZS,Nepal,NPL,..,63.5960006713867,36.7089996337891,36.8629989624023,36.9360008239746,36.9700012207031,36.8950004577637,36.9469985961914,36.9879989624023,37.2109985351563,37.0470008850098,36.8569984436035
"Own-account workers, total (% of male employment) (modeled ILO estimate)",SL.EMP.OWAC.ZS,Netherlands,NLD,..,7.11700010299683,8.69400024414063,8.97999954223633,9.31099987030029,10.5270004272461,10.6660003662109,10.9759998321533,11.6979999542236,12.1789999008179,12.4689998626709,12.3599996566772
"Own-account workers, total (% of male employment) (modeled ILO estimate)",SL.EMP.OWAC.ZS,New Caledonia,NCL,..,8.0019998550415,7.52299976348877,8.42500019073486,8.80900001525879,8.6560001373291,8.32800006866455,8.54100036621094,8.44400024414063,8.39400005340576,8.43000030517578,8.44400024414063
"Own-account workers, total (% of male employment) (modeled ILO estimate)",SL.EMP.OWAC.ZS,New Zealand,NZL,..,12.7749996185303,10.8439998626709,11.2480001449585,10.5380001068115,10.6579999923706,11.4390001296997,10.6929998397827,9.60400009155273,10.4940004348755,10.3549995422363,11.2969999313354
"Own-account workers, total (% of male employment) (modeled ILO estimate)",SL.EMP.OWAC.ZS,Nicaragua,NIC,..,33.8429985046387,33.3349990844727,33.4739990234375,31.0160007476807,30.621000289917,30.2730007171631,30.5179996490479,30.8110008239746,30.7040004730225,30.7089996337891,30.8269996643066
"Own-account workers, total (% of male employment) (modeled ILO estimate)",SL.EMP.OWAC.ZS,Niger,NER,..,59.0960006713867,62.185001373291,63.8940010070801,59.8520011901855,61.5769996643066,59.318000793457,55.9830017089844,53.8160018920898,55.6389999389648,57.2560005187988,58.9700012207031
"Own-account workers, total (% of male employment) (modeled ILO estimate)",SL.EMP.OWAC.ZS,Nigeria,NGA,..,68.8000030517578,71.5810012817383,72.8659973144531,72.9029998779297,71.6340026855469,69.1669998168945,68.6350021362305,67.8199996948242,68.9250030517578,71.1809997558594,71.2460021972656
"Own-account workers, total (% of male employment) (modeled ILO estimate)",SL.EMP.OWAC.ZS,Northern Mariana Islands,MNP,..,..,..,..,..,..,..,..,..,..,..,..
"Own-account workers, total (% of male employment) (modeled ILO estimate)",SL.EMP.OWAC.ZS,Norway,NOR,..,5.42799997329712,5.59600019454956,5.43599987030029,5.6230001449585,5.35300016403198,5.04099988937378,4.98199987411499,4.93599987030029,5.14799976348877,5.12599992752075,4.98000001907349
"Own-account workers, total (% of male employment) (modeled ILO estimate)",SL.EMP.OWAC.ZS,Oman,OMN,..,9.57999992370605,8.91800022125244,8.82999992370605,8.8459997177124,8.70600032806396,8.56400012969971,8.59700012207031,8.51399993896484,8.45600032806396,8.4709997177124,8.43400001525879
"Own-account workers, total (% of male employment) (modeled ILO estimate)",SL.EMP.OWAC.ZS,Pakistan,PAK,..,42.2949981689453,34.9039993286133,34.5410003662109,36.0169982910156,35.6290016174316,36.3769989013672,34.8660011291504,34.9480018615723,36.7809982299805,37.4080009460449,36.132999420166
"Own-account workers, total (% of male employment) (modeled ILO estimate)",SL.EMP.OWAC.ZS,Palau,PLW,..,..,..,..,..,..,..,..,..,..,..,..
"Own-account workers, total (% of male employment) (modeled ILO estimate)",SL.EMP.OWAC.ZS,Panama,PAN,..,27.8859996795654,24.8239994049072,24.0289993286133,27.1770000457764,26.5540008544922,25.4039993286133,24.5510005950928,24.9979991912842,25.4370002746582,27.4209995269775,27.3910007476807
"Own-account workers, total (% of male employment) (modeled ILO estimate)",SL.EMP.OWAC.ZS,Papua New Guinea,PNG,..,42.9519996643066,45.1300010681152,44.8740005493164,46.2200012207031,45.8979988098145,46.1809997558594,47.201000213623,47.5660018920898,47.8479995727539,48.6469993591309,48.5149993896484
"Own-account workers, total (% of male employment) (modeled ILO estimate)",SL.EMP.OWAC.ZS,Paraguay,PRY,..,36.9269981384277,36.6300010681152,33.8450012207031,36.0410003662109,34.140998840332,33.9620018005371,35.4710006713867,31.443000793457,31.5540008544922,30.8190002441406,31.5620002746582
"Own-account workers, total (% of male employment) (modeled ILO estimate)",SL.EMP.OWAC.ZS,Peru,PER,..,34.6889991760254,34.4329986572266,34.8359985351563,34.5120010375977,34.7560005187988,35.1080017089844,34.6749992370605,34.6539993286133,35.314998626709,35.351001739502,35.9790000915527
"Own-account workers, total (% of male employment) (modeled ILO estimate)",SL.EMP.OWAC.ZS,Philippines,PHL,..,31.6060009002686,31.4930000305176,31.2590007781982,30.5939998626709,30.1380004882813,29.5659999847412,28.2630004882813,27.988000869751,28.2099990844727,27.0419998168945,26.9899997711182
"Own-account workers, total (% of male employment) (modeled ILO estimate)",SL.EMP.OWAC.ZS,Poland,POL,..,18.6569995880127,15.2250003814697,14.7709999084473,14.6859998703003,14.8570003509521,14.914999961853,14.6920003890991,14.3249998092651,14.121000289917,14.3409996032715,14.1169996261597
"Own-account workers, total (% of male employment) (modeled ILO estimate)",SL.EMP.OWAC.ZS,Portugal,PRT,..,17.6410007476807,18.1709995269775,17.8899993896484,17.7609996795654,17.0160007476807,15.7709999084473,16.3799991607666,16.0400009155273,14.0190000534058,13.1269998550415,12.375
"Own-account workers, total (% of male employment) (modeled ILO estimate)",SL.EMP.OWAC.ZS,Puerto Rico,PRI,..,13.1639995574951,12.8809995651245,12.8920001983643,11.9650001525879,11.9940004348755,12.4870004653931,12.5839996337891,12.6370000839233,14.3140001296997,14.3149995803833,14.4250001907349
"Own-account workers, total (% of male employment) (modeled ILO estimate)",SL.EMP.OWAC.ZS,Qatar,QAT,..,0.46399998664856,0.159999996423721,0.158000007271767,0.159999996423721,0.155000001192093,0.153999999165535,0.150999993085861,0.150000005960464,0.141000002622604,0.151999995112419,0.145999997854233
"Own-account workers, total (% of male employment) (modeled ILO estimate)",SL.EMP.OWAC.ZS,Romania,ROU,..,24.3799991607666,19.7259998321533,19.451000213623,19.3700008392334,21.253999710083,19.6770000457764,19.9290008544922,19.7329998016357,19.3290004730225,18.2259998321533,17.0400009155273
"Own-account workers, total (% of male employment) (modeled ILO estimate)",SL.EMP.OWAC.ZS,Russian Federation,RUS,..,7.72499990463257,5.73000001907349,5.56899976730347,5.65899991989136,5.08199977874756,5.52899980545044,5.31599998474121,5.59600019454956,5.46799993515015,5.55499982833862,5.80200004577637
"Own-account workers, total (% of male employment) (modeled ILO estimate)",SL.EMP.OWAC.ZS,Rwanda,RWA,..,77.9869995117188,73.7919998168945,71.9440002441406,72.6969985961914,71.5619964599609,70.8970031738281,71.2710037231445,70.9560012817383,70.9390029907227,70.2939987182617,71.3160018920898
"Own-account workers, total (% of male employment) (modeled ILO estimate)",SL.EMP.OWAC.ZS,Samoa,WSM,..,18.5790004730225,4.2350001335144,4.38199996948242,29.4669990539551,29.6909999847412,29.5820007324219,29.386999130249,29.451000213623,29.9750003814697,30.181999206543,30.3239994049072
"Own-account workers, total (% of male employment) (modeled ILO estimate)",SL.EMP.OWAC.ZS,San Marino,SMR,..,..,..,..,..,..,..,..,..,..,..,..
"Own-account workers, total (% of male employment) (modeled ILO estimate)",SL.EMP.OWAC.ZS,Sao Tome and Principe,STP,..,43.3559989929199,37.5579986572266,33.9080009460449,33.6619987487793,33.8380012512207,33.7760009765625,33.806999206543,33.8429985046387,33.1790008544922,33.6319999694824,33.8359985351563
"Own-account workers, total (% of male employment) (modeled ILO estimate)",SL.EMP.OWAC.ZS,Saudi Arabia,SAU,..,5.32399988174438,4.60200023651123,4.44299983978271,4.80900001525879,3.56500005722046,3.38299989700317,3.36299991607666,3.40000009536743,3.00699996948242,2.94400000572205,2.95499992370605
"Own-account workers, total (% of male employment) (modeled ILO estimate)",SL.EMP.OWAC.ZS,Senegal,SEN,..,39.0839996337891,34.3330001831055,35.7439994812012,36.3639984130859,36.3489990234375,33.8680000305176,34.5979995727539,34.6290016174316,34.2299995422363,35.7350006103516,35.7879981994629
"Own-account workers, total (% of male employment) (modeled ILO estimate)",SL.EMP.OWAC.ZS,Serbia,SRB,..,15.7180004119873,15.9280004501343,20.4099998474121,19.6030006408691,20.6989994049072,18.2110004425049,18.8540000915527,20.9500007629395,19.8479995727539,18.3330001831055,19.996000289917
"Own-account workers, total (% of male employment) (modeled ILO estimate)",SL.EMP.OWAC.ZS,Seychelles,SYC,..,..,..,..,..,..,..,..,..,..,..,..
"Own-account workers, total (% of male employment) (modeled ILO estimate)",SL.EMP.OWAC.ZS,Sierra Leone,SLE,..,71.1800003051758,82.3089981079102,83.0469970703125,82.947998046875,82.2279968261719,80.6439971923828,80.5210037231445,79.7710037231445,79.6070022583008,79.3610000610352,82.0199966430664
"Own-account workers, total (% of male employment) (modeled ILO estimate)",SL.EMP.OWAC.ZS,Singapore,SGP,..,4.24399995803833,9.53299999237061,9.35400009155273,9.23099994659424,8.64599990844727,8.86800003051758,8.66800022125244,8.14500045776367,8.76200008392334,7.92500019073486,7.90999984741211
"Own-account workers, total (% of male employment) (modeled ILO estimate)",SL.EMP.OWAC.ZS,Sint Maarten (Dutch part),SXM,..,..,..,..,..,..,..,..,..,..,..,..
"Own-account workers, total (% of male employment) (modeled ILO estimate)",SL.EMP.OWAC.ZS,Slovak Republic,SVK,..,5.26599979400635,9.71199989318848,10.460000038147,12.1070003509521,12.2679996490479,12.3479995727539,12.3500003814697,12.3380002975464,12.0749998092651,11.8739995956421,12.1140003204346
"Own-account workers, total (% of male employment) (modeled ILO estimate)",SL.EMP.OWAC.ZS,Slovenia,SVN,..,7.54300022125244,7.79099988937378,6.71799993515015,7.375,8.60900020599365,8.97399997711182,8.80300045013428,8.82999992370605,9.23200035095215,8.9069995880127,8.17099952697754
"Own-account workers, total (% of male employment) (modeled ILO estimate)",SL.EMP.OWAC.ZS,Solomon Islands,SLB,..,29.9330005645752,30.0729999542236,30.1580009460449,30.076000213623,30.1770000457764,30.1700000762939,29.8990001678467,29.7719993591309,29.8840007781982,29.8740005493164,29.8899993896484
"Own-account workers, total (% of male employment) (modeled ILO estimate)",SL.EMP.OWAC.ZS,Somalia,SOM,..,72.7740020751953,71.8119964599609,71.6989974975586,71.6039962768555,71.5090026855469,71.3990020751953,71.4010009765625,71.4400024414063,71.3349990844727,71.2279968261719,71.088996887207
"Own-account workers, total (% of male employment) (modeled ILO estimate)",SL.EMP.OWAC.ZS,South Africa,ZAF,..,10.53600025177,10.6230001449585,9.32100009918213,9.22200012207031,9.4399995803833,9.37899971008301,9.43599987030029,8.89700031280518,8.27700042724609,8.87199974060059,9.11299991607666
"Own-account workers, total (% of male employment) (modeled ILO estimate)",SL.EMP.OWAC.ZS,South Sudan,SSD,..,16.4780006408691,16.4300003051758,16.4589996337891,19.1650009155273,18.3120002746582,16.2980003356934,14.6929998397827,19.8369998931885,19.0279998779297,18.4890003204346,17.5620002746582
"Own-account workers, total (% of male employment) (modeled ILO estimate)",SL.EMP.OWAC.ZS,Spain,ESP,..,12.3909997940063,11.0299997329712,10.8719997406006,10.3380002975464,10.3859996795654,10.5109996795654,11.4429998397827,12.1300001144409,11.9659996032715,11.7670001983643,11.5249996185303
"Own-account workers, total (% of male employment) (modeled ILO estimate)",SL.EMP.OWAC.ZS,Sri Lanka,LKA,..,28.5370006561279,30.5440006256104,30.4990005493164,29.3490009307861,31.6550006866455,31.6389999389648,32.0349998474121,32.3520011901855,32.056999206543,31.9890003204346,31.7889995574951
"Own-account workers, total (% of male employment) (modeled ILO estimate)",SL.EMP.OWAC.ZS,St. Kitts and Nevis,KNA,..,..,..,..,..,..,..,..,..,..,..,..
"Own-account workers, total (% of male employment) (modeled ILO estimate)",SL.EMP.OWAC.ZS,St. Lucia,LCA,..,28.5470008850098,28.3840007781982,28.1119995117188,28.2119998931885,28.3059997558594,28.3239994049072,28.3139991760254,28.1879997253418,28.0340003967285,27.996000289917,27.9629993438721
"Own-account workers, total (% of male employment) (modeled ILO estimate)",SL.EMP.OWAC.ZS,St. Martin (French part),MAF,..,..,..,..,..,..,..,..,..,..,..,..
"Own-account workers, total (% of male employment) (modeled ILO estimate)",SL.EMP.OWAC.ZS,St. Vincent and the Grenadines,VCT,..,9.18299961090088,8.9370002746582,8.70600032806396,8.73200035095215,8.78699970245361,8.71300029754639,8.67099952697754,8.62399959564209,8.5649995803833,8.55300045013428,8.48400020599365
"Own-account workers, total (% of male employment) (modeled ILO estimate)",SL.EMP.OWAC.ZS,Sudan,SDN,..,32.2630004882813,27.8980007171631,27.1809997558594,27.9309997558594,27.7700004577637,27.2080001831055,27.2049999237061,28.2940006256104,28.0450000762939,28.3409996032715,28.3799991607666
"Own-account workers, total (% of male employment) (modeled ILO estimate)",SL.EMP.OWAC.ZS,Suriname,SUR,..,15.9259996414185,11.7810001373291,11.9409999847412,11.5530004501343,11.5120000839233,11.496000289917,11.4820003509521,11.2410001754761,11.1090002059937,10.7770004272461,11.2930002212524
"Own-account workers, total (% of male employment) (modeled ILO estimate)",SL.EMP.OWAC.ZS,Sweden,SWE,..,6.6729998588562,6.40799999237061,6.39499998092651,6.72100019454956,6.78299999237061,6.55100011825562,6.4539999961853,6.57200002670288,6.50400018692017,6.43699979782104,6.09999990463257
"Own-account workers, total (% of male employment) (modeled ILO estimate)",SL.EMP.OWAC.ZS,Switzerland,CHE,..,7.17199993133545,7.77600002288818,7.7480001449585,7.26300001144409,7.33199977874756,7.26200008392334,7.03200006484985,7.09800004959106,7.23799991607666,7.08900022506714,7.08199977874756
"Own-account workers, total (% of male employment) (modeled ILO estimate)",SL.EMP.OWAC.ZS,Syrian Arab Republic,SYR,..,23.7970008850098,28.8549995422363,24.7320003509521,29.8859996795654,28.7479991912842,30.1270008087158,29.9479999542236,30.3299999237061,32.1599998474121,31.8110008239746,31.9769992828369
"Own-account workers, total (% of male employment) (modeled ILO estimate)",SL.EMP.OWAC.ZS,Tajikistan,TJK,..,16.5499992370605,47.0209999084473,48.3610000610352,47.1539993286133,47.9539985656738,52.314998626709,52.25,52.8269996643066,50.6949996948242,48.9830017089844,47.6640014648438
"Own-account workers, total (% of male employment) (modeled ILO estimate)",SL.EMP.OWAC.ZS,Tanzania,TZA,..,88.5189971923828,46.7080001831055,48.4900016784668,51.0579986572266,49.9199981689453,48.1319999694824,45.9099998474121,45.7019996643066,48.5789985656738,48.2099990844727,47.7239990234375
"Own-account workers, total (% of male employment) (modeled ILO estimate)",SL.EMP.OWAC.ZS,Thailand,THA,..,29.9449996948242,32.0330009460449,31.8729991912842,32.1209983825684,31.7360000610352,31.8490009307861,31.9969997406006,33.6790008544922,31.7649993896484,31.7099990844727,32.0410003662109
"Own-account workers, total (% of male employment) (modeled ILO estimate)",SL.EMP.OWAC.ZS,Timor-Leste,TLS,..,35.2379989624023,36.4029998779297,36.0690002441406,35.6389999389648,35.3639984130859,35.226001739502,35.1790008544922,35.1419982910156,35.0789985656738,35.5019989013672,30.9930000305176
"Own-account workers, total (% of male employment) (modeled ILO estimate)",SL.EMP.OWAC.ZS,Togo,TGO,..,54.1080017089844,55.8219985961914,60.6559982299805,54.4599990844727,52.6759986877441,51.8619995117188,62.4480018615723,59.9560012817383,62.4599990844727,61.2480010986328,62.0830001831055
"Own-account workers, total (% of male employment) (modeled ILO estimate)",SL.EMP.OWAC.ZS,Tonga,TON,..,35.8440017700195,36.9370002746582,37.3839988708496,37.2389984130859,36.7060012817383,36.1570014953613,36.0530014038086,36.8400001525879,37.0260009765625,36.7070007324219,36.3400001525879
"Own-account workers, total (% of male employment) (modeled ILO estimate)",SL.EMP.OWAC.ZS,Trinidad and Tobago,TTO,..,16.4090003967285,16.0580005645752,16.2679996490479,15.4460000991821,15.9630002975464,15.9169998168945,15.5740003585815,15.1619997024536,16.4230003356934,16.5130004882813,16.2080001831055
"Own-account workers, total (% of male employment) (modeled ILO estimate)",SL.EMP.OWAC.ZS,Tunisia,TUN,..,24.5480003356934,23.2290000915527,19.6389999389648,19.3610000610352,18.9419994354248,18.693000793457,17.3490009307861,17.238000869751,17.2770004272461,17.4650001525879,17.701000213623
"Own-account workers, total (% of male employment) (modeled ILO estimate)",SL.EMP.OWAC.ZS,Turkey,TUR,..,23.7390003204346,21.05299949646,20.3719997406006,20.738000869751,20.0930004119873,19.378999710083,18.8430004119873,18.6180000305176,17.1800003051758,16.6959991455078,16.5879993438721
"Own-account workers, total (% of male employment) (modeled ILO estimate)",SL.EMP.OWAC.ZS,Turkmenistan,TKM,..,18.0179996490479,15.9840002059937,15.6590003967285,14.9910001754761,15.3640003204346,16.5130004882813,16.298999786377,16.4330005645752,16.6709995269775,16.4330005645752,16.2450008392334
"Own-account workers, total (% of male employment) (modeled ILO estimate)",SL.EMP.OWAC.ZS,Turks and Caicos Islands,TCA,..,..,..,..,..,..,..,..,..,..,..,..
"Own-account workers, total (% of male employment) (modeled ILO estimate)",SL.EMP.OWAC.ZS,Tuvalu,TUV,..,..,..,..,..,..,..,..,..,..,..,..
"Own-account workers, total (% of male employment) (modeled ILO estimate)",SL.EMP.OWAC.ZS,Uganda,UGA,..,58.9309997558594,54.6430015563965,53.6129989624023,51.7350006103516,61.367000579834,59.439998626709,59.9679985046387,59.9020004272461,59.6119995117188,58.9560012817383,57.976001739502
"Own-account workers, total (% of male employment) (modeled ILO estimate)",SL.EMP.OWAC.ZS,Ukraine,UKR,..,14.9890003204346,14.4329996109009,14.996000289917,17.0580005645752,17.4449996948242,17.8110008239746,17.375,17.7679996490479,14.3269996643066,14.4549999237061,15.2569999694824
"Own-account workers, total (% of male employment) (modeled ILO estimate)",SL.EMP.OWAC.ZS,United Arab Emirates,ARE,..,1.72099995613098,1.28699994087219,1.25300002098083,0.947000026702881,0.335999995470047,0.319000005722046,0.316000014543533,0.319999992847443,0.319999992847443,0.337999999523163,0.345999985933304
"Own-account workers, total (% of male employment) (modeled ILO estimate)",SL.EMP.OWAC.ZS,United Kingdom,GBR,..,8.70499992370605,10.2019996643066,10.2340002059937,10.5600004196167,11.0740003585815,11.3570003509521,11.8090000152588,11.8339996337891,12.3780002593994,12.2650003433228,12.6750001907349
"Own-account workers, total (% of male employment) (modeled ILO estimate)",SL.EMP.OWAC.ZS,United States,USA,..,7.1710000038147,6.86899995803833,6.68200016021729,6.76900005340576,6.69600009918213,6.50299978256226,6.44700002670288,6.30399990081787,6.17000007629395,6.16400003433228,6.12099981307983
"Own-account workers, total (% of male employment) (modeled ILO estimate)",SL.EMP.OWAC.ZS,Uruguay,URY,..,21.9270000457764,23.4050006866455,22.5400009155273,22.7730007171631,22.451000213623,21.6840000152588,21.2350006103516,21.378999710083,21.4669990539551,22.3360004425049,22.94700050354
"Own-account workers, total (% of male employment) (modeled ILO estimate)",SL.EMP.OWAC.ZS,Uzbekistan,UZB,..,24.8290004730225,21.25,19.5939998626709,18.7880001068115,18.9549999237061,19.2520008087158,19.2880001068115,19.2140007019043,19.1149997711182,18.693000793457,19.5480003356934
"Own-account workers, total (% of male employment) (modeled ILO estimate)",SL.EMP.OWAC.ZS,Vanuatu,VUT,..,61.7400016784668,63.7900009155273,63.2599983215332,62.4640007019043,61.8330001831055,62.3540000915527,62.7750015258789,62.6459999084473,62.4799995422363,63.2779998779297,63.8899993896484
"Own-account workers, total (% of male employment) (modeled ILO estimate)",SL.EMP.OWAC.ZS,"Venezuela, RB",VEN,..,27.6700000762939,27.4009990692139,27.3509998321533,26.2040004730225,27.2509994506836,27.2250003814697,26.7089996337891,26.7119998931885,25.8850002288818,26.7590007781982,27.8090000152588
"Own-account workers, total (% of male employment) (modeled ILO estimate)",SL.EMP.OWAC.ZS,Vietnam,VNM,..,43.8240013122559,45.560001373291,45.7939987182617,45.7400016784668,45.5340003967285,45.5,45.2070007324219,45.4790000915527,40.8209991455078,40.5919990539551,39.8790016174316
"Own-account workers, total (% of male employment) (modeled ILO estimate)",SL.EMP.OWAC.ZS,Virgin Islands (U.S.),VIR,..,24.8339996337891,23.1340007781982,23.1800003051758,23.0459995269775,22.9680004119873,23.2819995880127,23.8689994812012,24.0410003662109,23.7350006103516,23.6299991607666,23.5739994049072
"Own-account workers, total (% of male employment) (modeled ILO estimate)",SL.EMP.OWAC.ZS,West Bank and Gaza,PSE,..,35.0579986572266,33.6459999084473,33.4449996948242,33.1129989624023,32.5929985046387,32.6059989929199,31.0580005645752,30.951000213623,30.7339992523193,30.8740005493164,31.0049991607666
"Own-account workers, total (% of male employment) (modeled ILO estimate)",SL.EMP.OWAC.ZS,"Yemen, Rep.",YEM,..,24.9160003662109,26.9090003967285,26.701000213623,26.5030002593994,26.3460006713867,30.3999996185303,31.5480003356934,31.5259990692139,31.0900001525879,28.6280002593994,29.2409992218018
"Own-account workers, total (% of male employment) (modeled ILO estimate)",SL.EMP.OWAC.ZS,Zambia,ZMB,..,38.9309997558594,43.5699996948242,43.7820014953613,44.5279998779297,45.3289985656738,43.9690017700195,44.9599990844727,44.2939987182617,43.6479988098145,43.4599990844727,42.7179985046387
"Own-account workers, total (% of male employment) (modeled ILO estimate)",SL.EMP.OWAC.ZS,Zimbabwe,ZWE,..,50.773998260498,63.4469985961914,63.0279998779297,60.0670013427734,58.7980003356934,56.8699989318848,56.5169982910156,55.7519989013672,57.3810005187988,57.2939987182617,57.0550003051758
,,,,,,,,,,,,,,,
,,,,,,,,,,,,,,,
,,,,,,,,,,,,,,,
Data from database: Jobs,,,,,,,,,,,,,,,
Last Updated: 04/09/2020,,,,,,,,,,,,,,,
