,Time,Time Code,Country Name,Country Code,"Age dependency ratio, young (% of working-age population) [SP.POP.DPND.YG]",Current health expenditure (% of GDP) [SH.XPD.CHEX.GD.ZS],Domestic general government health expenditure (% of GDP) [SH.XPD.GHED.GD.ZS],Domestic general government health expenditure (% of general government expenditure) [SH.XPD.GHED.GE.ZS],Domestic general government health expenditure (% of current health expenditure) [SH.XPD.GHED.CH.ZS],Domestic general government health expenditure per capita (current US$) [SH.XPD.GHED.PC.CD],"Domestic general government health expenditure per capita, PPP (current international $) [SH.XPD.GHED.PP.CD]",Domestic private health expenditure (% of current health expenditure) [SH.XPD.PVTD.CH.ZS],Domestic private health expenditure per capita (current US$) [SH.XPD.PVTD.PC.CD],"Domestic private health expenditure per capita, PPP (current international $) [SH.XPD.PVTD.PP.CD]","External health expenditure per capita, PPP (current international $) [SH.XPD.EHEX.PP.CD]",External health expenditure per capita (current US$) [SH.XPD.EHEX.PC.CD],Population density (people per sq. km of land area) [EN.POP.DNST],Land area (sq. km) [AG.LND.TOTL.K2],Urban land area (sq. km) [AG.LND.TOTL.UR.K2],Population in the largest city (% of urban population) [EN.URB.LCTY.UR.ZS],Population in largest city [EN.URB.LCTY],"Age dependency ratio, old (% of working-age population) [SP.POP.DPND.OL]",Age dependency ratio (% of working-age population) [SP.POP.DPND],Adjusted net national income per capita (current US$) [NY.ADJ.NNTY.PC.CD],Food imports (% of merchandise imports) [TM.VAL.FOOD.ZS.UN],Food production index (2004-2006 = 100) [AG.PRD.FOOD.XD]
0,2018.0,YR2018,Afghanistan,AFG,79.3193832521676,11.777193844318399,0.6001444067806011,2.31911558657885,5.09581863880157,3.4204487800598105,8.872551918029789,75.4840493202209,50.666896820068395,132.75045776367202,33.1076469421387,13.0353107452393,56.937760009803,652860.0,,42.331198362368205,4011770.0,4.75827282360713,84.07765607577471,466.07908144215696,32.271170264607704,125.41
1,2018.0,YR2018,Albania,ALB,25.7688232292839,,4.27755378186703,14.678896963596301,,190.114562988281,542.301696777344,,,,3.0242760181427,1.0602196455001802,104.61226277372299,27400.0,1689.403809,27.506392537980698,475577.0,20.0412141646094,45.810037393893396,4105.150514921889,13.5461104875721,150.93
2,2018.0,YR2018,Algeria,DZA,47.4865903381357,6.3743218779563895,4.20416407287121,10.7341229915619,65.9546911716461,170.489120483398,642.931457519531,34.0238809585571,87.94979858398442,331.667449951172,0.208904802799225,0.0553962551057339,17.7300750711665,2381740.0,30195.79688,8.78230990288061,2693542.0,10.0214421059224,57.508032444057996,3257.67687393948,20.2411686904014,151.62
3,2018.0,YR2018,American Samoa,ASM,,,,,,,,,,,,,277.325,200.0,116.16687009999998,,,,,,,120.97
4,2018.0,YR2018,Andorra,AND,,10.3205524384975,5.06037287414074,14.0175551176071,49.0319937467575,1981.2783203125,2567.92431640625,50.968003273010304,2059.50805664063,2669.31762695313,0.0,0.0,163.842553191489,470.0,,,,,,,22.200558537986602,
5,2018.0,YR2018,Angola,AGO,91.8277557270262,2.7915002778172497,1.2918687425553799,5.42836561799049,46.27865254879001,52.970386505127,86.01074981689449,50.60656070709229,57.9240913391113,94.0543365478516,5.7889609336853,3.56517648696899,24.713052057431604,1246700.0,1427.029541,38.515297744971,7774200.0,4.347984716384089,96.1757404434103,2148.27296890832,19.825104724842202,192.85
6,2018.0,YR2018,Antigua and Barbuda,ATG,31.9464478903714,4.53353188931942,2.13234610855579,9.47863757610321,47.0349878072739,316.949798583984,503.636108398438,52.941232919693,356.749633789063,566.878356933594,0.25464767217636103,0.16025565564632402,218.83181818181802,440.0,266.2775574,,,12.7313980045679,44.677845894939296,,27.772847847662696,69.89
7,2018.0,YR2018,Argentina,ARG,38.615783147846706,9.12431478500366,6.608934700489041,16.0513117909431,72.43211865425108,959.438354492188,1388.16455078125,27.0711362361908,358.58523559570295,518.819396972656,9.52013111114502,6.57989645004272,16.2585100979651,2736690.0,55032.203129999994,36.613483750400206,14966530.0,17.3386897637727,55.9544729116194,12365.901299431202,6.86323720627599,129.11
8,2018.0,YR2018,Armenia,ARM,30.2930163896593,10.3627048432827,1.3725060038268602,5.27346804738045,13.2446691393852,53.990020751953104,132.588287353516,85.4683756828308,348.399749755859,855.597412109375,12.8850536346436,5.24680089950562,103.68022479803301,28470.0,,57.95676756166921,1080324.0,16.522310468452197,46.8153268581115,3412.08014763168,16.3668460378564,135.37
9,2018.0,YR2018,Aruba,ABW,25.933470045004697,,,,,,,,,,,,588.027777777778,180.0,172.8477478,,,19.7401560715121,45.67362611651689,21385.4516647685,27.710235768663,
10,2018.0,YR2018,Australia,AUS,29.454735617512604,9.20594781637192,6.34408071637154,17.797327041626,68.9128518104553,3674.3076171875,3318.94897460938,31.0871511697769,1657.51025390625,1497.205078125,0.0,0.0,3.24912948744283,7692020.0,36745.70313,22.2933745854429,4792281.0,24.030352618930802,53.4850882364433,41489.4767632325,6.6495376544163705,105.58
11,2018.0,YR2018,Austria,AUT,21.4360478032517,10.396616905927699,7.526375353336331,15.3053984045982,72.3925411701202,3576.10131835938,4066.576171875,27.6074588298798,1363.77404785156,1550.8203125,0.0,0.0,107.20692666757799,82522.998046875,,36.849752702684604,1900547.0,28.487892318885102,49.923940122136706,38747.991332317004,7.4789827761615095,101.29
12,2018.0,YR2018,Azerbaijan,AZE,33.1788057430215,6.6518291831016505,1.0049127973616099,2.8143418952822703,15.1073157787323,41.667388916015604,175.828277587891,84.51470136642459,233.099456787109,983.634399414063,4.39917516708374,1.04250657558441,120.265319946776,82670.0,,41.2892628685675,2285729.0,8.79557465280927,41.9743803958308,3146.65431259243,15.5958304119567,148.08
13,2018.0,YR2018,"Bahamas, The",BHS,32.003646550356,5.758889019489289,2.5263994932174705,11.2508498132229,43.8695639371872,777.1649780273441,770.4127807617191,55.5400013923645,983.910888671875,975.362426757813,10.368856430053699,10.459733963012699,38.5254745254745,10010.0,425.89636229999996,,,10.3299242270457,42.333570777401704,27265.9846710987,19.3342990872855,130.89
14,2018.0,YR2018,Bahrain,BHR,24.584375699147802,4.74810488522053,2.75286287069321,8.49383771419525,57.9781413078308,653.521667480469,1313.36791992188,42.0208990573883,473.65383911132795,951.8915405273441,0.0,0.0,2017.27369979138,778.000030517578,549.2779541,40.2932266708532,564631.0,3.0980128948278303,27.682388593975602,20264.0552865819,9.35537501784134,200.76
15,2018.0,YR2018,Bangladesh,BGD,41.2687569019982,2.2742487490177203,0.37964808288961605,2.9944630339741702,16.693340241909002,6.0567340850830105,15.742156982421902,76.5532255172729,27.7752990722656,72.1912307739258,6.36862707138062,2.45030474662781,1239.5793116693599,130170.0,11125.3916,33.123163614014395,19578421.0,7.68354159657816,48.952298498576404,1483.83391139082,16.5599303349689,145.31
16,2018.0,YR2018,Barbados,BRB,25.9413876596811,6.779126822948459,2.9964344576001203,9.0802974998951,44.2008912563324,523.266174316406,593.720397949219,53.8402318954468,637.380187988281,723.1990356445309,26.312210083007802,23.1898555755615,666.606976744186,430.0,420.3754272,,,23.637492694330803,49.5788803540119,13871.6335197304,22.602570559463896,85.02
17,2018.0,YR2018,Belarus,BLR,24.697931403367896,5.92578575015068,4.14589382708073,10.619095712900199,69.9636161327362,239.62532043457,789.9685668945309,29.670944809913603,101.622947692871,335.018585205078,4.12984800338745,1.2527284622192398,46.7287999040892,202988.0078125,7783.031738,26.89016113799,2004672.0,21.738732320204896,46.4366637235728,4979.85802629455,10.1507634318591,133.94
18,2018.0,YR2018,Belgium,BEL,26.584364687003003,10.338669270277,7.98325017094612,15.3138965368271,77.2173881530762,3480.46240234375,3952.8154296875,22.7381244301796,1026.8935546875,1166.25891113281,0.0,0.0,377.21492734478204,30280.0,12349.22852,18.3094284564919,2049510.0,29.286099809668602,55.8704644966716,35803.8562832135,8.965525205985731,84.89
19,2018.0,YR2018,Belize,BLZ,46.5958848530132,5.64282275736332,3.8357838988304103,10.990995913744,67.9763317108154,190.672805786133,326.9853515625,30.44573366642,85.3999252319336,146.452575683594,7.59031581878662,4.426090717315669,16.7939938623411,22810.0,508.0564575,,,7.288678926944491,53.8845637799577,3793.1060252415705,20.181944607747898,94.19
20,2018.0,YR2018,Benin,BEN,78.174388288571,3.71858216822147,1.1149972677230802,4.57516945898533,29.9844712018967,9.225156784057619,25.382152557373,50.680971145629904,15.592734336853,42.9019432067871,16.3668918609619,5.94855546951294,101.853919829727,112760.0,1447.184937,17.0698953919223,927545.0,5.99204680133023,84.1664350899012,686.742052655336,47.813782713495996,161.65
21,2018.0,YR2018,Bermuda,BMU,,,,,,,,,,,,,1184.59257167194,54.000000953674295,38.61519241,,,,,,20.7644721317662,112.44
22,2018.0,YR2018,Bhutan,BTN,37.773805591715394,3.1869623810052903,2.3748742416501,7.900569587945941,74.5184302330017,72.13331604003909,216.41917419433602,14.3134161829948,13.8552865982056,41.569553375244105,32.4349708557129,10.810697555542,19.7775277714448,38143.9990234375,,,,8.79869435971167,46.5724999514271,2703.18488307883,13.7196240612554,102.11
23,2018.0,YR2018,Bolivia,BOL,50.33416533429521,6.443160772323611,4.415350407361981,11.5229703485966,68.5277044773102,150.949127197266,336.935028076172,28.3092200756073,64.250617980957,143.414443969727,11.327607154846199,5.07484292984009,10.4801458506416,1083300.0,,23.0158036386824,1814087.0,11.6498016923282,61.983967026623404,2630.55102228015,7.6163647672166,146.43
24,2018.0,YR2018,Bosnia and Herzegovina,BIH,21.4739445995426,8.93166735768318,6.2952578067779505,15.4747724533081,70.4874753952026,324.552856445313,826.313232421875,29.512524604797395,135.887619018555,345.970550537109,0.0,0.0,64.92048828125,51200.0,1723.1467289999998,21.362596110075298,342577.0,23.9521466331882,45.4260912327308,4584.90603354495,15.801950681831698,125.39
25,2018.0,YR2018,Botswana,BWA,55.3214251283844,6.13456815481186,4.641389474272731,14.315474033355699,75.65959692001341,352.520263671875,790.1111450195309,14.7286742925644,68.6252059936523,153.811141967773,100.375038146973,44.783870697021506,3.9774248760432704,566730.0,,,,6.849879781232059,62.1713049096165,5949.56456745472,11.9119616896329,119.84
26,2018.0,YR2018,Brazil,BRA,30.5895132620158,9.46747660636902,3.96492034196854,10.255295783281301,41.8793767690659,388.97537231445295,616.561218261719,58.054226636886604,539.207275390625,854.6923828125,0.977503418922424,0.616686165332794,25.061716243087602,8358140.0,134981.375,11.939294933562,21650181.0,12.7938665313678,43.383379793383504,8397.11814360887,5.63575049840735,136.5
27,2018.0,YR2018,British Virgin Islands,VGB,,,,,,,,,,,,,198.68,150.0,51.470775599999996,,,,,,,103.25
28,2018.0,YR2018,Brunei Darussalam,BRN,31.936769883892698,2.37320773303509,2.25035604089499,6.15330003201962,94.82339024543761,636.6551513671881,1777.89245605469,5.17660900950432,34.75634765625,97.05889892578129,0.0,0.0,81.39696394686909,5270.0,1017.0686039999999,,,6.75885839182884,38.6956282757216,24573.420447750297,12.108477856966697,169.47
29,2018.0,YR2018,Bulgaria,BGR,22.6698870172542,8.095603436231611,4.19922322034836,11.9859769940376,51.8640756607056,344.27175903320295,876.4478149414059,48.1359243392944,319.524444580078,813.4459838867191,0.0,0.0,64.7035372144436,108560.0,6678.94043,24.150401501388195,1272418.0,32.6515293385686,55.3214163558228,7103.72461901333,9.74484194079313,129.85
30,2018.0,YR2018,Burkina Faso,BFA,85.3796860470719,6.91505968570709,2.994354814291,9.99150723218918,43.30193400382999,19.2275714874268,55.8873291015625,38.701069355011,17.184625625610398,49.9492530822754,23.2276954650879,7.99129581451416,72.1912828947368,273600.0,,43.6546158282195,2531381.0,4.57210649206693,89.9517925391388,456.95891911904005,12.3532172466045,127.42
31,2018.0,YR2018,Burundi,BDI,87.0822629261884,7.51757025718689,1.8578868359327299,8.52139890193939,24.7139275074005,5.80788087844849,14.627845764160199,44.24968063831329,10.3988666534424,26.1907939910889,18.3700275421143,7.29368686676025,435.17827102803705,25680.0,,61.726409750235995,898968.0,4.30024956805529,91.3825124942437,212.184466225368,16.6723850131905,119.85
32,2018.0,YR2018,Cabo Verde,CPV,43.2014886021992,5.1654886454343805,3.1119348481297497,9.8550945520401,60.2447330951691,100.963920593262,215.116897583008,31.454625725746197,52.7146873474121,112.31558227539101,29.639232635498,13.911007881164599,134.92977667493798,4030.0,180.38188169999998,,,6.91957075691778,50.121059359117005,2430.4048632560603,30.1984139593232,95.56
33,2018.0,YR2018,Cambodia,KHM,48.577706920322704,5.91884180903435,1.40879349783063,6.07874877750874,23.801845312118502,19.535573959350604,56.6918716430664,61.1326217651367,50.175132751464794,145.607315063477,35.883487701416,12.3651676177979,92.05641287106279,176520.0,1152.062866,51.370279144629,1952329.0,7.11300795325963,55.6907148735824,1151.49113914101,7.2771367725955995,187.64
34,2018.0,YR2018,Cameroon,CMR,78.023306222795,4.67066690325737,0.6220196373760699,3.13720740377903,13.3175760507584,9.0308895111084,23.154249191284197,78.96832227706909,53.54985046386721,137.296188354492,13.411914825439501,5.231070518493651,53.3439889149796,472710.0,3680.405762,25.716165164809603,3655656.0,4.99432538902312,83.01763161181809,1182.62520026256,22.8145408017728,181.65
35,2018.0,YR2018,Canada,CAN,23.723147708618498,10.5727694928646,7.79410153627396,19.3279251456261,73.7186372280121,3505.28295898438,3633.31713867188,26.2813627719879,1249.66516113281,1295.31066894531,0.0,0.0,4.07530821431988,9093510.0,126511.1641,20.1605171497434,6082425.0,25.7587287998035,49.481876508422005,36802.0730904932,8.04728720983097,117.66
36,2018.0,YR2018,Cayman Islands,CYM,,,,,,,,,,,,,267.391666666667,240.0,160.9671021,,,,,,,103.05
37,2018.0,YR2018,Central African Republic,CAF,83.7639853848473,5.82177564501762,0.7465049624443051,5.03486506640911,12.8226339817047,3.09667348861694,5.3841433525085405,31.9960653781891,7.72706747055054,13.4349451065063,23.170280456543,13.326314926147498,7.490412212270059,622980.0,,44.0858978344213,850946.0,5.34374625138192,89.1077316362292,322.996813879163,21.0707536928277,119.99
38,2018.0,YR2018,Chad,TCD,93.5172123243738,4.48730140924454,0.7092436775565151,4.6783633530139905,15.805572271347,4.69913339614868,13.7980346679688,63.13919425010679,18.7718257904053,55.119598388671896,18.3809127807617,6.25990295410156,12.2917336404066,1259200.0,,37.0600571866467,1322679.0,4.92233642416642,98.4395487485402,508.182492186466,,155.2
39,2018.0,YR2018,Channel Islands,CHI,22.4965468113386,,,,,,,,,,,,861.1060937864571,197.999992370605,,,,25.6204880506641,48.11703486200279,,,
40,2018.0,YR2018,Chile,CHL,28.747042051719603,8.983509987592699,4.49699349701405,17.7318215370178,50.05831122398379,691.7988891601559,1115.57788085938,40.128555893898,690.187255859375,1112.97900390625,0.0,0.0,25.189446066651897,743532.03125,12027.5166,40.7339645446385,6680371.0,16.778846284591598,45.525888336311205,11353.3045916759,9.55658940011221,114.79
41,2018.0,YR2018,China,CHN,25.1074045343824,5.151193216443059,2.91935373097658,9.07209143042564,56.6733479499817,249.830657958984,476.68798828125,43.326210975647,190.993057250977,364.423217773438,0.0038054403848946103,0.00199441914446652,148.348833270666,9388210.0,380679.3,3.1052779061251496,25582138.0,15.3378642157114,40.445268750093796,6567.928606129771,6.319966459545269,139.03
42,2018.0,YR2018,Colombia,COL,33.7178966459882,7.22628086805344,4.89939339458942,17.4857154488564,67.7996516227722,311.334381103516,704.546752929688,28.7775248289108,147.863204956055,334.613067626953,0.0,0.0,44.7487021180712,1109500.0,36132.13672,26.3666682749363,10574409.0,12.3868276378251,46.1047242838133,5226.94263923089,12.537519306407098,116.67
43,2018.0,YR2018,Comoros,COM,68.8168512798851,7.3843739926815,0.941362418234348,3.36501933634281,12.7480328083038,7.49086236953735,15.7029504776001,76.1388003826141,44.739860534668,93.7873077392578,13.689136505127001,6.5302019119262695,447.24447754022697,1861.0000610351601,196.407196,,,5.23371677955362,74.0505680594387,1234.64378731151,31.4490161672408,108.68
44,2018.0,YR2018,"Congo, Dem. Rep.",COD,90.84770965566959,3.97872291505337,0.39584343321621396,3.32910045981407,9.949006885290151,1.9332556724548302,3.71418595314026,47.57792353630071,9.24517345428467,17.7619018554688,15.856146812439,8.25321674346924,37.0825923557045,2267050.0,9061.722656,35.239241331083704,13171256.0,5.9387002148571595,96.7864098705267,347.00580769106904,,108.46
45,2018.0,YR2018,"Congo, Rep.",COG,75.1753736235599,2.9302792623639102,1.19367139413953,3.3984653651714303,40.7357543706894,20.3612461090088,67.1432342529297,51.7288684844971,25.856012344360398,85.2627639770508,12.420286178588901,3.76646304130554,15.3568462664715,341500.0,1087.161865,63.5363623359297,2229693.0,4.82715941752411,80.002533041084,684.9708381121201,13.472810342420301,138.11
46,2018.0,YR2018,Costa Rica,CRI,30.849357212221197,7.32879638671875,5.38734458386898,26.907071471214298,73.509269952774,638.8526611328131,927.807739257813,24.6952831745148,229.759735107422,333.680816650391,0.675759196281433,0.46530175209045394,97.91306306306309,51060.0,4051.562988,34.2298205294467,1357745.0,13.8152495859236,44.664606798144796,10326.780534065401,12.912168116027802,131.03
47,2018.0,YR2018,Cote d'Ivoire,CIV,75.9671594635485,4.45303432643414,1.2673424556851398,5.095548555254941,28.460201621055603,19.850774765014602,49.9935111999512,58.457297086715705,40.7735176086426,102.686737060547,22.9808731079102,9.1249475479126,78.8340534591195,318000.0,3466.161621,38.65524830352221,4920776.0,5.17886172634649,81.146021189895,1402.27537854933,21.0485712508241,129.74
48,2018.0,YR2018,Croatia,HRV,22.311421522167603,6.78913369774818,5.62324300408363,12.4075815081596,82.82710313797,747.2161254882809,1468.09521484375,17.1688690781593,154.88717651367202,304.315063476563,0.0,0.0,73.0771979985704,55960.0,5302.795897999999,29.439610510346398,685587.0,31.4338959847151,53.74531750688271,10777.1676244751,12.381958390394301,128.23
49,2018.0,YR2018,Cuba,CUB,23.6306692043405,11.7113269865513,10.4748606681824,15.874963998794598,89.4421339035034,883.3546752929691,2223.36206054688,10.482663661241501,103.52961730956999,260.57916259765597,1.8693776130676298,0.742714643478394,108.99959623149401,104020.0,9572.447266,24.4599356510304,2136468.0,22.1365160192804,45.7671852236209,6621.907815094921,,109.99
50,2018.0,YR2018,Curacao,CUW,29.3091558939793,,,,,,,,,,,,360.754504504505,444.0,,,,25.8952418877051,55.20439778168429,,,
51,2018.0,YR2018,Cyprus,CYP,24.1575786762046,6.68456926941872,2.83386185765266,7.581724226474759,42.40702688694,734.135986328125,1030.25085449219,57.1740925312042,989.7782592773441,1389.00695800781,10.1763763427734,7.25148010253906,128.708333333333,9240.0,2280.400391,,,19.741619951189197,43.8991986273938,26327.562243961,12.9365823213853,79.14
52,2018.0,YR2018,Czech Republic,CZE,23.9821539870696,7.2313390672206905,5.91153986752033,15.1796191930771,81.74878358840941,1206.54431152344,2250.86083984375,18.2512179017067,269.37286376953097,502.526763916016,0.0,0.0,137.602887852888,77220.0,,16.471959324124597,1291552.0,29.8817078512209,53.8638618382904,15002.4883704249,5.42093519442669,102.48
53,2018.0,YR2018,Denmark,DNK,25.8254803215632,10.108279436826699,8.4933839738369,16.6023418307304,84.0240359306335,4873.521484375,4629.72021484375,15.976010262966199,926.632934570313,880.2775268554691,0.0,0.0,138.067301738509,41990.0,9295.174805,25.9267736170828,1320826.0,31.0894763954635,56.9149567170267,48267.1564851588,13.6572237092576,103.33
54,2018.0,YR2018,Djibouti,DJI,44.878400789983395,3.3165179193019902,1.56038142740726,4.0695093572139704,47.048786282539396,33.0898284912109,55.1360397338867,27.1699488162994,19.108867645263697,31.840213775634798,30.212827682495103,18.132194519043,41.368421052631604,23180.0,149.82884219999997,75.2949442156877,561564.0,6.87057691577308,51.7489777057565,1466.5068718837301,,133.07
55,2018.0,YR2018,Dominica,DMA,,5.87688907980919,3.8178164511919,7.27040842175484,64.9632215499878,285.57470703125,426.594909667969,31.832954287529002,139.93591308593798,209.03791809082,21.0385837554932,14.083825111389197,95.5,750.0,251.302948,,,,,5330.28824706765,24.9285577448242,110.45
56,2018.0,YR2018,Dominican Republic,DOM,43.081471615366794,6.13639503717422,2.82288156449795,15.5982047319412,46.00228071212771,199.28581237793,453.457916259766,53.258359432220495,230.719787597656,524.983215332031,7.28806972503662,3.20296311378479,219.97857586421,48310.0,5089.375977000001,36.8175557007141,3172152.0,10.906704792888599,53.9881764082554,6457.617916301209,15.056911521214301,147.54
57,2018.0,YR2018,Ecuador,ECU,43.2445820153842,8.25742930173874,4.36164624989033,11.922793090343498,52.8208673000336,273.62774658203097,506.476959228516,46.4069932699203,241.58692932128898,447.170349121094,5.2103590965271,2.81493330001831,68.7886817522951,248360.0,10905.65137,26.5861487148008,2898796.0,11.0427952488356,54.28737726421971,5021.30125538899,10.1036578439725,114.35
58,2018.0,YR2018,"Egypt, Arab Rep.",EGY,55.433638421857395,5.28763681650162,1.7446685582399397,5.41992336511612,32.9952418804169,34.8985595703125,202.527694702148,66.6690289974213,70.5148010253906,409.220336914063,2.06073784828186,0.355095982551575,98.8734692852479,995450.0,24270.23242,47.76496347489079,20076002.0,8.57741653930251,64.0110549611599,2166.6373728153303,16.6584427901463,124.98
59,2018.0,YR2018,El Salvador,SLV,42.012579071377104,7.227560132741929,4.60725240409374,19.2442342638969,63.7456119060516,180.075637817383,371.46853637695295,36.113089323043795,102.01624298095699,210.443908691406,0.823382914066315,0.39914879202842696,309.88146718146703,20720.0,3598.2692869999996,23.9316479587026,1106698.0,12.8321238999945,54.8447029713715,3240.7164323330894,16.509907690817002,119.84
60,2018.0,YR2018,Equatorial Guinea,GNQ,61.425443198972395,3.10709420591593,0.5851469002664089,2.9433978721499403,18.8326090574265,56.7144165039063,142.927261352539,79.1798532009125,238.45018005371102,600.923583984375,15.084136962890598,5.985478401184079,46.6657397504456,28050.0,97.47089386,39.8054499842746,375896.0,4.06761960872567,65.493062807698,4686.9873751756895,,117.26
61,2018.0,YR2018,Eritrea,ERI,72.0920729361995,2.8700234368443502,0.782054383307695,2.67673395574093,27.2490590810776,8.96821022033691,16.151508331298803,59.1215252876282,19.458074569702102,35.0434799194336,8.07865238189697,4.485713481903081,31.8215049504951,101000.0,366.6149292,60.407421260013706,694486.0,7.327226473899961,79.4192994100995,606.1772089424829,,104.59
62,2018.0,YR2018,Estonia,EST,25.551351555742503,6.42935782670975,4.8007395118475005,12.224894016981098,74.66412186622621,971.0570678710941,1607.8776855468802,25.309535861015302,329.16754150390597,545.036071777344,0.567302763462067,0.34261518716812106,30.386105360018398,43470.0,2614.681396,48.03418239771379,437027.0,30.658266019445,56.2096175751875,16641.880669677,10.036321988058999,129.45
63,2018.0,YR2018,Eswatini,SWZ,65.8555205939651,6.93037807941437,3.5168424248695405,10.020179301500301,50.745320320129395,114.04339599609399,304.531158447266,25.508582592010498,57.3271598815918,153.081253051758,142.504302978516,53.3662109375,66.05761627906979,17200.0,802.2711182,,,6.93684253749162,72.7923631314568,3326.40074629578,18.4546727010425,113.83
64,2018.0,YR2018,Ethiopia,ETH,73.19812217249971,3.50255742669106,0.873719155788422,4.78833690285683,24.945178627967802,6.301639556884769,16.6289958953857,52.943480014801,13.3745574951172,35.293270111084,14.739896774292,5.58575582504272,109.22455900000001,1000000.0,5166.71582,19.400373793532502,4399674.0,6.28390432866878,79.4820265011684,559.635819106277,8.40814362621004,161.89
65,2018.0,YR2018,Faroe Islands,FRO,,,,,,,,,,,,,34.7399698278226,1396.00006103516,335.47583010000005,,,,,,,100.68
66,2018.0,YR2018,Fiji,FJI,45.3777169041955,3.5007447004318197,2.3185744881629904,7.161913812160491,66.2308931350708,124.78848266601601,213.766647338867,31.443724036216697,59.2444725036621,101.48766326904301,7.5054011344909695,4.38135528564453,48.3570333880679,18270.0,1746.58667,,,8.37926407551728,53.75698097971271,4802.26449603015,16.320195870873803,83.03
67,2018.0,YR2018,Finland,FIN,25.984456457479897,9.20693874359131,7.06586241722107,13.039381802082099,76.7445921897888,3227.69555664063,3265.669921875,22.0731839537621,977.9450073242191,989.4506225585941,0.123856797814369,0.12241654098033901,18.1568556480537,303910.0,20052.17383,27.1488368371241,1279096.0,34.9579430280203,60.942399485500204,37828.7075409136,7.52754973455562,97.26
68,2018.0,YR2018,France,FRA,28.957876228502197,11.312892287969598,8.72132927179337,15.468135476112401,77.0919501781464,3376.41723632813,3863.23217773438,16.6216045618057,1003.3099975585901,1147.96826171875,0.0,0.0,122.33839573919902,547556.9921875,86463.0625,20.2291975765162,10900952.0,32.309266820404396,61.2671430489065,32671.7550857999,9.410427659982659,96.07
69,2018.0,YR2018,French Polynesia,PYF,33.013324419048,,,,,,,,,,,,75.8685792349727,3660.0,238.1499786,,,12.024361070341001,45.037685489389,,25.1446840177877,101.21
70,2018.0,YR2018,Gabon,GAB,62.3223881829864,2.7807459235191296,1.7597995698451998,9.71508994698524,63.285160064697294,129.41325378418,316.180877685547,36.10660135746,73.8351974487305,180.393264770508,3.03883647918701,1.2437996864318799,8.224764233321691,257670.0,836.4829102000001,42.9509354824403,813489.0,5.99881181764896,68.3212000006354,5008.441955356029,,119.32
71,2018.0,YR2018,"Gambia, The",GMB,83.30393876245691,3.2820712774992002,0.751360645517707,3.06064169853926,22.892881929874395,5.32770538330078,12.766436576843299,35.111555457115195,8.17127513885498,19.5802993774414,23.4192333221436,9.77334403991699,225.30652173912998,10120.0,446.18292239999994,31.2924386085219,437161.0,4.873749148905441,88.1776879113624,481.78166968190004,25.7919085630128,106.73
72,2018.0,YR2018,Georgia,GEO,30.2960696537846,7.6016589999198905,2.8290221467614196,9.51902568340302,37.2146517038345,109.06238555908199,287.777862548828,60.40447354316711,177.02317810058602,467.102874755859,18.411119461059602,6.9774665832519505,65.2752020714511,69490.0,3602.762939,49.248157764815595,1077333.0,22.7512423508152,53.0473120045998,3402.04223182982,14.114423508991198,71.48
73,2018.0,YR2018,Germany,DEU,20.9822219651511,11.246834695339198,8.73427838087082,19.880834221839898,77.6598811149597,3908.97290039063,4599.51416015625,15.4906302690506,1124.47900390625,1323.12426757813,0.0,0.0,237.3709697733,349360.0,62374.19922,5.54038959350593,3552123.0,33.060614155497305,54.0428361206484,37791.4835682453,7.74847813258556,107.92
74,2018.0,YR2018,Ghana,GHA,63.362322720121895,3.26237045228481,1.09192850068212,6.06558434665203,33.4704041481018,22.3412971496582,49.156944274902294,52.03419923782349,34.7325210571289,76.421012878418,21.2889385223389,9.675591468811039,130.821429199262,227540.0,6239.439453,18.365416243269397,3064718.0,5.172150032787299,68.5344727529092,1274.40741513908,20.0769029385136,153.14
75,2018.0,YR2018,Gibraltar,GIB,,,,,,,,,,,,,3371.8,10.0,4.473595619,,,,,,,
76,2018.0,YR2018,Greece,GRC,21.8927623797888,8.04139003157616,4.83915023505688,10.226672887802101,60.1780295372009,912.652587890625,1381.2834472656302,39.642560482025104,601.2142333984381,909.927001953125,4.11803340911865,2.72089982032776,83.22473235065941,128900.0,18519.16406,37.2075254566635,3155600.0,33.6923829464337,55.585145326222495,15780.266096721001,12.1095654191699,95.1
77,2018.0,YR2018,Greenland,GRL,,,,,,,,,,,,,0.136496528200755,410450.0,33.34839249,,,,,,19.839800579241,97.72
78,2018.0,YR2018,Grenada,GRD,35.2625218208675,4.757117480039599,2.03113183379173,8.99670124053955,42.6966905593872,212.303329467773,307.877471923828,56.3589632511139,280.237091064453,406.393463134766,6.809484958648679,4.695621967315669,327.805882352941,340.0,169.51560969999997,,,14.400429703236199,49.6629515241037,,,128.01
79,2018.0,YR2018,Guam,GUM,37.2431970758676,,,,,,,,,,,,306.977777777778,540.0,515.956604,,,14.995362164445698,52.2385592403134,,,77.95
80,2018.0,YR2018,Guatemala,GTM,56.681422943158104,5.81384375691414,2.08395887166262,17.212183773517598,35.84477007389071,93.1731109619141,170.208404541016,63.072937726974494,163.948669433594,299.5009765625,5.13925361633301,2.81325888633728,160.953779395297,107160.0,4132.351074,32.3779554027252,2851104.0,7.92077743344239,64.6022003766005,3785.24574029915,14.586340738004901,161.54
81,2018.0,YR2018,Guinea,GIN,82.38827782059191,4.12308685481548,0.708300480619073,4.113378375768661,17.1788886189461,5.79274082183838,15.3184242248535,68.8794136047363,23.2262153625488,61.4197998046875,12.4318208694458,4.7011570930481,50.5222122741332,245720.0,1473.595703,41.0811684295341,1843121.0,5.49758663504946,87.8858644556414,688.9670614717099,23.447414372825605,135.65
82,2018.0,YR2018,Guinea-Bissau,GNB,77.2089778627907,7.23586902022362,0.5931776016950611,3.0087711289525,8.19773748517036,4.29228734970093,10.1067399978638,75.8211195468903,39.699489593505895,93.47753143310551,19.7026596069336,8.36763191223145,66.6539473684211,28120.0,306.3417664,68.70911775562939,558399.0,5.14926295245165,82.35824081524241,612.055229641325,,143.35
83,2018.0,YR2018,Guyana,GUY,43.18419377401939,4.94550988078117,2.9617179185152103,8.54232758283615,59.887009859085104,138.055892944336,242.588973999023,35.2128475904465,81.1752166748047,142.639419555664,19.849378585815398,11.2961597442627,3.9573482346964703,196850.0,626.756958,,,9.872603956271961,53.0567977302913,3883.44742089625,6.92463569140356,131.13
84,2018.0,YR2018,Haiti,HTI,53.782764115820505,8.03550109267235,0.95270462334156,5.239011347293849,11.8561938405037,7.39272546768188,17.327739715576197,45.08200287818911,28.110107421875,65.8870162963867,62.9345092773438,26.8504447937012,403.59854862118993,27560.0,764.3450928,42.8834760823847,2636763.0,8.00766306931206,61.7904271851326,718.1837599682359,,157.13
85,2018.0,YR2018,Honduras,HND,49.93177616280789,7.858425378799441,3.1504880636930497,11.712199449539199,40.0905758142471,78.55177307128909,158.26139831543,54.513275623321505,106.810989379883,215.196395874023,21.301824569702102,10.572988510131802,85.6870319063366,111890.0,3702.359375,24.8998555376855,1363041.0,7.37883951876434,57.3106156815722,2095.78750156379,18.0381459899332,119.57
86,2018.0,YR2018,"Hong Kong SAR, China",HKG,16.7091019547367,,,,,,,,,,,,7096.19047619048,1050.0,901.5428467,99.7032210441551,7428887.0,23.6929102165783,40.402012171315,,4.85337365412674,59.3
87,2018.0,YR2018,Hungary,HUN,21.6949199522324,6.879989802837371,4.72910590469837,10.0769780576229,68.7371075153351,674.601806640625,1360.58459472656,31.2628954648972,306.821258544922,618.818786621094,0.0,0.0,107.906605545123,90530.0,,25.243403060432502,1759497.0,28.838847324465103,50.5337672766974,11348.7283841625,5.4219962875361,87.2
88,2018.0,YR2018,Iceland,ISL,30.337448988000002,8.32629129290581,6.81328549981117,15.739375352859499,81.8285703659058,4980.341796875,3863.47607421875,18.1714281439781,1105.9697265625,857.9506225585941,0.0,0.0,3.52692269326683,100250.0,1023.8370359999999,,,22.6317638334136,52.9692128214135,59619.513719675895,9.62227807028997,123.37
89,2018.0,YR2018,India,IND,40.5191280524377,3.5349596291780494,0.95910569652915,3.37504222989082,27.132013440132102,18.800611495971697,68.73146820068361,72.063148021698,49.934783935546896,182.552093505859,2.0388388633728,0.5576982498168951,454.93807257524696,2973190.0,222688.2344,6.1946447522252095,28513682.0,9.25603889368758,49.775166946125296,1678.49926188949,4.15648831218672,144.39
90,2018.0,YR2018,Indonesia,IDN,39.2817787637807,2.98905447125435,1.44590092822909,8.72853547334671,48.3731865882874,55.615516662597706,177.985000610352,51.09977722167971,58.750328063964794,188.01725769043,1.9391779899597201,0.605940937995911,147.75219008926,1811570.0,42076.82813,7.101962763969119,10516927.0,8.66551836068938,47.9472971244701,2934.4998894947603,10.3186122958019,144.56
91,2018.0,YR2018,"Iran, Islamic Rep.",IRN,35.29991159988,8.659663796424871,4.43784445524216,22.935989499092102,51.24730467796329,243.67063903808602,896.0056762695309,48.730883002281196,231.70555114746102,852.008666992188,0.381357818841934,0.10371105372905699,50.222420123283996,1628760.0,69242.76563,14.520020764928601,8895947.0,8.919346438554161,44.219258038434106,4237.9561835041795,20.1915088901566,113.29
92,2018.0,YR2018,Iraq,IRQ,65.8546476297112,4.1666302829980895,1.74417365342379,4.98355142772198,41.8605357408524,88.03844451904301,114.98176574706999,58.0563426017761,122.100448608398,378.4404296875,1.3375174999237098,0.17481242120266002,88.53057003546171,434128.0078125,12429.91504,25.149997354654698,6811955.0,5.70185121717822,71.55649884688941,3943.6784344866796,7.19589472415724,66.64
93,2018.0,YR2018,Ireland,IRL,33.0714702201332,7.18438327312469,5.2657961845397905,20.0430616736412,73.2924282550812,3647.79272460938,4063.97338867188,26.7075717449188,1329.24609375,1480.90124511719,0.0,0.0,70.452983016403,68890.0,5638.355957,39.1859645918407,1201426.0,21.4217040400876,54.4931742602208,37988.283506594,9.92553764774239,110.02
94,2018.0,YR2018,Isle of Man,IMN,,,,,,,,,,,,,147.50350877193,570.0,241.86453250000002,,,,,,,
95,2018.0,YR2018,Israel,ISR,46.4663705959354,7.40746408700943,4.713004454970361,11.9277030229568,63.6250734329224,2000.77062988281,1918.07141113281,34.6136689186096,1088.47058105469,1043.47998046875,53.095733642578104,55.3850021362305,410.526802218115,21640.0,6399.019531,48.853406055616,4010977.0,19.9291768039796,66.395547399915,34949.5624380804,8.40305691088001,109.69
96,2018.0,YR2018,Italy,ITA,20.853070812986502,8.84025916457176,6.53272047638893,13.4217366576195,73.897385597229,2098.7822265625,2674.8623046875,26.102617383003203,741.3484497070309,944.8359375,0.0,0.0,205.45074794315602,294140.0,73540.88281,9.88970527517275,4209710.0,35.594434525286005,56.44750533827249,26537.3591436077,9.98184317526006,92.59
97,2018.0,YR2018,Jamaica,JAM,35.2097208857099,5.988416820764541,3.8744006305933,13.3156418800354,64.6982431411743,198.750427246094,351.237548828125,33.3283454179764,102.383346557617,180.93482971191398,10.7133750915527,6.06224489212036,270.993074792244,10830.0,3000.631592,36.0526723261591,589083.0,13.0411106985813,48.2508315842912,4438.77113452279,16.2321354509052,105.58
98,2018.0,YR2018,Japan,JPN,21.2582176365645,10.9359331429005,9.19630154967308,23.644290864467603,84.092515707016,3505.80541992188,3837.52587890625,15.907484292984,663.180908203125,725.93115234375,0.0,0.0,347.07345841562403,364560.0,108678.2422,32.322300810293896,37468302.0,46.170862583733204,67.4290802202976,31107.448946649904,9.40534510002334,92.18
99,2018.0,YR2018,Jordan,JOR,55.3167328864169,8.119250833988191,3.6374680697917903,12.3920008540154,44.8005378246307,152.61833190918,338.987426757813,45.8982139825821,156.357681274414,347.293060302734,70.3787536621094,31.685800552368196,112.14249831043001,88780.0,3383.9738770000004,22.7932168226138,2064582.0,6.21323457237195,61.5299674587889,3710.8074382806603,19.10346062082,145.5
100,2018.0,YR2018,Kazakhstan,KAZ,44.3672840427781,3.12536172568798,1.94026026874781,7.869395613670349,62.081146240234396,173.607025146484,509.283996582031,37.7724975347519,105.629028320313,309.867462158203,1.20066690444946,0.40928879380226096,6.76982590658221,2699700.0,,17.426019176381303,1829005.0,11.523184322319802,55.890468365097895,6377.69292970303,10.5146667612855,141.39
101,2018.0,YR2018,Kenya,KEN,68.7337536781516,4.8025432974100095,2.05257199704647,7.98211544752121,42.7392691373825,32.7426910400391,67.5945663452148,39.388057589530895,30.175317764282198,62.294437408447294,28.266643524169897,13.6923122406006,90.29941666373828,569140.0,4187.614746,31.5721355695063,4385853.0,4.04153504626688,72.7752887244185,1320.79389466005,13.997548056675502,125.56
102,2018.0,YR2018,Kiribati,KIR,58.73658981967589,10.7575967907906,8.153972029685969,6.85160160064697,75.7973372936249,129.92990112304702,178.06872558593798,3.11276912689209,5.3358302116394,7.31274700164795,49.5459403991699,36.1517677307129,143.020987654321,810.0,3.643230915,,,6.53246975576352,65.2690595754394,3037.31490727359,40.70266893283139,60.39
103,2018.0,YR2018,"Korea, Dem. Peopleâ€™s Rep.",PRK,28.670376512878605,,,,,,,,,,,,212.19017523461497,120410.0,2343.61377,19.2086389435097,3037862.0,13.247338176826,41.9177146897046,,,100.79
104,2018.0,YR2018,"Korea, Rep.",KOR,17.8675919999799,7.60386362671852,4.36290092766285,13.4153068065643,57.377427816391,1309.96960449219,1709.93798828125,41.1303460597992,973.1052856445309,1270.22009277344,0.0,0.0,529.652103632681,97489.00390625,21922.01563,23.6878905332168,9963497.0,19.8580481991671,37.725640199147,24027.9160451874,5.81988916382374,102.84
105,2018.0,YR2018,Kosovo,XKX,,,,,,,,,,,,,168.154679893451,10887.0,,,,,,,,
106,2018.0,YR2018,Kuwait,KWT,28.3739904185683,5.291384831070901,4.62386049330235,8.9202918112278,87.3870193958282,1336.1796875,3317.7470703125,12.615644931793199,192.897872924805,478.96728515625,0.0,0.0,232.172222222222,17820.0,3942.298828,72.2515528813535,2989270.0,3.35983733345051,31.7338277520188,28637.7579836424,15.0464876044789,191.59
107,2018.0,YR2018,Kyrgyz Republic,KGZ,51.2239569964101,6.1858631670475,2.34767459332943,6.18760287761688,37.9522532224655,29.915042877197298,91.55929565429692,56.405794620513895,44.46064758300779,136.078201293945,13.611209869384801,4.44717216491699,32.9290928050052,191800.0,,43.3964063948262,996319.0,7.11700397304888,58.340960969459,970.943087645118,11.091857075639998,117.81
108,2018.0,YR2018,Lao PDR,LAO,51.489954403664896,2.52808686345816,0.888554286211729,4.0446016937494305,35.147300362586996,21.835130691528303,62.538902282714794,48.2013434171677,29.9449062347412,85.7664489746094,29.6283855438232,10.344596862792999,30.5957842287695,230800.0,1018.75415,26.893410092199602,664754.0,6.43570755725485,57.925661960919705,1783.67925749535,13.4725110485616,211.35
109,2018.0,YR2018,Latvia,LVA,25.0087617391079,5.95566183328629,3.40323522686958,9.001868963241579,57.1428596973419,531.6298828125,961.3395385742191,42.683228850364706,397.104431152344,718.078857421875,3.13480281829834,1.73357594013214,30.9833065294307,62180.0,3278.516846,48.5296134017477,637089.0,31.3374145730437,56.346176312151606,12356.8072165498,15.4580980370504,151.72
110,2018.0,YR2018,Lebanon,LBN,39.006235634165705,8.19554403424263,4.09953109920025,13.502234220504802,50.0214636325836,359.876159667969,592.91796875,49.0094244480133,352.595123291016,580.921936035156,11.4871368408203,6.97220706939697,669.4941348973609,10230.0,2317.423828,39.311165343918,2385271.0,10.466642456261999,49.4728780904276,6318.234572096,17.7860393329053,87.87
111,2018.0,YR2018,Lesotho,LSO,52.4447060201185,8.76315832138062,5.51380552351475,11.8211440742016,62.9203021526337,65.78493499755861,167.07882690429702,16.642640531063098,17.400344848632802,44.1929321289063,54.268646240234396,21.3675174713135,69.437812911726,30360.0,,,,7.85647099437536,60.301177014493895,1146.25122758394,18.298457700186,95.32
112,2018.0,YR2018,Liberia,LBR,73.9371233525258,8.155337721109388,1.4030891470611102,4.20414693653584,17.204551398754102,9.73760890960693,18.0081844329834,54.04312610626221,30.5878849029541,56.5675048828125,30.0953540802002,16.2735347747803,50.030907392026606,96320.0,434.27529910000004,57.5385757549326,1418300.0,5.8492212516755995,79.7863446042014,337.914056364919,,135.8
113,2018.0,YR2018,Libya,LBY,42.086155478444,6.05012737214565,3.8293637335300397,6.4195841550827,63.2939338684082,197.842468261719,397.03170776367205,36.668282747268705,114.616744995117,230.013717651367,0.23701611161232003,0.118106059730053,3.7956323811905404,1759540.0,10082.89258,21.6414632240592,1157746.0,6.5271493363703295,48.6133048148143,4988.89555030807,12.1323019977206,117.43
114,2018.0,YR2018,Liechtenstein,LIE,,,,,,,,,,,,,236.9375,160.0,,,,,,,,97.02
115,2018.0,YR2018,Lithuania,LTU,22.751657380027197,6.457564234733581,4.2269848287105605,12.774431705474901,65.4578804969788,705.7533569335941,1395.96081542969,34.3916326761246,370.80343627929705,733.439086914063,3.20928525924683,1.6225123405456499,44.5313513780643,62642.001953125,4610.856445,28.3938264594836,536055.0,30.124235973591105,52.8758933536182,,11.656557474849901,136.6
116,2018.0,YR2018,Luxembourg,LUX,22.704074432956702,5.481074377894401,4.65104691684246,10.795627534389501,84.85648036003109,4906.93505859375,5054.462890625,13.790827989578199,797.4723510742191,821.448486328125,80.57269287109379,78.2209701538086,250.09382716049402,2430.0,801.083374,,,20.279499891812602,42.98357432476929,60887.924802278896,12.4079739892361,109.81
117,2018.0,YR2018,"Macao SAR, China",MAC,17.9986226182774,,,,,,,,,,,,20777.5002607232,30.399999618530302,17.72437096,100.0,632418.0,13.8201473381055,31.818769956382898,,16.765011819906398,90.05
118,2018.0,YR2018,Madagascar,MDG,72.1768634111853,5.50203807651997,2.57938224822283,15.0213211774826,46.8804866075516,11.565810203552198,40.0769920349121,30.1230251789093,7.43160343170166,25.751443862915,19.6591415405273,5.67342662811279,45.1398556204881,581800.0,2272.414795,31.3127141278542,3058387.0,5.300756894748769,77.4776203059341,405.080617111262,17.172248866020002,121.29
119,2018.0,YR2018,Malawi,MWI,82.1336118783071,9.648231416940689,2.9568009078502704,9.77546125650406,30.6460410356522,9.8862247467041,35.1874771118164,16.9207543134689,5.45853137969971,19.4282398223877,60.203285217285206,16.9146289825439,192.440761561307,94280.0,1815.1033940000002,33.506718174460694,1029639.0,4.94915712132844,87.0827689996355,242.93749663417998,11.928732320853902,147.18
120,2018.0,YR2018,Malaysia,MYS,34.608488378204896,3.85939814150333,1.95242054760456,8.92776027321815,50.58873295784,194.29417419433602,576.1875,49.3891656398773,189.687042236328,562.52490234375,0.251765727996826,0.0848970338702202,95.9628214883579,328550.0,15564.95215,31.551697060139297,7563912.0,9.622755469219289,44.2312438474242,7804.05209815735,7.5690737393565,131.3
121,2018.0,YR2018,Maldives,MDV,26.458634669057002,9.02997627854347,6.452440470457081,21.777495741844202,71.4557826519012,719.5160522460941,1076.79479980469,28.4642785787582,286.617889404297,428.939208984375,1.2045910358428997,0.8049097657203671,1718.9866666666699,300.0,0.0,,,4.86330392975737,31.321938598814302,7623.815677761229,17.2472125453817,67.32
122,2018.0,YR2018,Mali,MLI,95.1835154583243,3.79398502409458,1.325374096632,5.78521527349949,34.9335610866547,10.9614896774292,29.401119232177702,37.07997202873229,11.634991645813,31.207595825195302,23.5542373657227,8.78162288665771,15.635015858186,1220190.0,2910.42749,30.279500914913395,2446749.0,5.01955574305002,100.203071201374,632.730696483977,16.8677804537199,175.83
123,2018.0,YR2018,Malta,MLT,21.8388301280534,9.34099927544594,5.89119866490364,16.4761766791344,63.068181276321404,1630.6682128906302,2486.8388671875,36.9318187236786,954.8958129882809,1456.25695800781,0.0,0.0,1511.03125,320.0,293.3409119,,,31.127671461172103,52.9665015892255,,12.223165156428198,90.31
124,2018.0,YR2018,Marshall Islands,MHL,,16.4029404520988,6.20333068072796,9.48744714260101,37.8184080123901,242.86950683593798,268.388031005859,16.545595228672,106.255668640137,117.42003631591801,323.867553710938,293.074005126953,324.516666666667,180.0,0.0,,,,,,,104.14
125,2018.0,YR2018,Mauritania,MRT,70.5991764049416,4.40315157175064,1.70846786350012,6.065612286329269,38.801020383834796,18.9415454864502,66.01967620849611,54.2201995849609,26.468746185302702,92.25531005859379,11.874342918396001,3.4068386554718,4.27216357815077,1030700.0,771.6014404,51.004485583805,1205414.0,5.532486805079171,76.1316632100207,726.3056003768511,13.784842546040098,120.03
126,2018.0,YR2018,Mauritius,MUS,25.1564287757437,5.718720704317089,2.4514574557542796,9.9684976041317,42.8672343492508,257.07470703125,547.84814453125,56.304544210433995,337.658233642578,719.5785522460941,10.5847482681274,4.96683359146118,623.30197044335,2030.0,1276.0158689999998,,,16.221999249141902,41.3784280248856,8712.673488069,21.1047822757707,91.81
127,2018.0,YR2018,Mexico,MEX,40.1042917783087,5.516541376709941,2.8417058289051096,11.048610508441902,51.5124559402466,254.820587158203,533.455261230469,48.48754703998571,239.85705566406298,502.129821777344,0.0,0.0,64.9146264050001,1943950.0,102418.1094,21.335577101487697,21580827.0,10.908703024753802,51.0129948030625,7216.95715395896,5.58501002209761,126.72
128,2018.0,YR2018,"Micronesia, Fed. Sts.",FSM,49.314444306366795,12.3515494167805,3.1878311187028903,4.94522526860237,25.8091598749161,109.639839172363,127.29323577880899,2.66836825758219,11.335489273071301,13.160647392272901,352.75564575195295,303.83447265625,160.914285714286,700.0,243.11206049999998,,,6.216257266338039,55.5307015727048,,,100.7
129,2018.0,YR2018,Moldova,MDA,21.8247185983183,7.0129506289959,3.5497460514307004,11.582403630018199,50.6165027618408,96.77252197265629,241.307189941406,44.6840614080429,85.430419921875,213.025100708008,22.4039134979248,8.984743118286131,123.51980353223999,32890.0,2607.522217,33.7202809786355,509707.0,15.783004787706,37.6077233860244,2302.30559136207,12.6870445318925,97.43
130,2018.0,YR2018,Monaco,MCO,,1.77270229905844,1.4129147864878202,6.74990639090538,79.7040104866028,2337.25756835938,2383.99584960938,20.2959895133972,595.1640625,607.0655517578131,0.0,0.0,19196.0,2.0,1.9205781219999998,,,,,,,
131,2018.0,YR2018,Mongolia,MNG,46.42195208274649,4.00230102241039,2.4689519777894,8.15246775746346,61.6883099079132,91.78262329101558,319.62603759765597,35.4756861925125,52.78230285644529,183.810394287109,14.694194793701199,4.219530105590819,2.0406086665465097,1553560.0,,70.0685162884606,1520381.0,6.233769360597679,52.6557214433441,2082.90515969824,11.406603758935999,160.19
132,2018.0,YR2018,Montenegro,MNE,27.253550261699502,,,,,,,,,,,,46.271003717472105,13450.0,,,,22.412349907635498,49.665900169335,6961.65889453885,20.994226505983697,63.25
133,2018.0,YR2018,Morocco,MAR,41.3592022860542,5.24520017206669,2.25047077983618,7.48915001749992,42.9053366184235,69.08224487304689,187.964538574219,56.873363256454496,91.5722808837891,249.15724182128898,0.9695017337799069,0.35631909966468794,80.72851893345279,446300.0,12057.44141,16.3704746014871,3683566.0,10.661033808750801,52.020236094805,2792.13513326648,10.825216586300302,118.49
134,2018.0,YR2018,Mozambique,MOZ,85.1871321939474,4.94119822978973,1.4756206423044198,4.66421097517014,29.8636168241501,6.29260969161987,18.4488677978516,8.96338000893593,1.8886878490448,5.53731346130371,37.7908821105957,12.8898582458496,37.508535313716,786380.0,2739.14502,15.4064147107958,1635392.0,5.5126838880752995,90.6998160820228,330.01299506924,14.3254195847781,149.73
135,2018.0,YR2018,Myanmar,MMR,38.86994900116879,4.659072309732441,0.689848139882088,3.4938804805278796,14.806555211544001,8.59430980682373,42.5896873474121,76.2314558029175,44.2477531433105,219.272735595703,25.7783317565918,5.20189332962036,82.23861548355491,653080.0,6960.023437999999,31.4029539397534,5157461.0,8.52634701764006,47.3962960188089,1134.91135864142,13.061601528999699,135.83
136,2018.0,YR2018,Namibia,NAM,62.082305391875,8.55095684528351,3.94567362964153,10.652340948581699,46.1430639028549,206.38899230957,413.146362304688,49.845609068870495,222.949783325195,446.297454833984,35.915779113769496,17.9418792724609,2.9737455817512704,823290.0,2467.779053,33.0048468827531,404280.0,6.115710655347461,68.1980160472224,4724.310896089871,11.2634455209179,92.56
137,2018.0,YR2018,Nauru,NRU,,11.017515510320699,7.927591353654861,5.59622421860695,71.9544351100922,796.3564453125,942.3104858398441,4.59681302309036,50.875270843505895,60.199554443359396,307.083343505859,259.51934814453097,635.2,20.0,11.98700333,,,,,,,113.69
138,2018.0,YR2018,Nepal,NPL,47.627917598269995,5.55329509079456,1.24062346294522,4.50787805020809,22.340311110019698,10.7044410705566,33.5268707275391,62.3955965042114,29.8970756530762,93.6392059326172,22.9073467254639,7.31384563446045,195.939107080572,143350.0,,23.9827030021935,1329732.0,8.96937847683904,56.5972960751091,838.799386843068,18.122819727449397,137.83
139,2018.0,YR2018,Netherlands,NLD,24.898361704507604,10.1008348166943,6.50473237037659,15.3042957186699,64.3979668617249,3162.86791992188,3550.32470703125,18.453148007392898,1747.3190917968802,1961.36865234375,1.4070075750350999,1.25345706939697,511.45791035915704,33690.0,12802.99316,7.17865285619598,1131690.0,29.6715380749259,54.5698997794335,40544.911980102996,12.6818312550353,119.58
140,2018.0,YR2018,New Caledonia,NCL,33.4008955439964,,,,,,,,,,,,15.5393873085339,18280.0,208.4334564,,,13.474524565413,46.8754201094094,,15.764020016986999,106.27
141,2018.0,YR2018,New Zealand,NZL,30.379003551901103,9.1700553894043,6.91932514309883,19.2881166934967,75.45738220214841,2970.8564453125,2842.8017578125,24.5426207780838,966.2753295898441,924.625366210938,0.0,0.0,18.5541756864532,263310.0,8116.299805,36.8245859444148,1556875.0,24.194500109200803,54.573503661101896,34960.234853850096,11.3182706506859,119.15
142,2018.0,YR2018,Nicaragua,NIC,46.7874529596204,8.64546522498131,5.02174384891987,18.6187013983727,58.0851316452026,111.57220458984399,294.001617431641,34.4275236129761,66.12973785400389,174.25709533691398,37.8976821899414,14.381987571716301,53.7270483629716,120340.0,2882.378662,27.6953697762113,1047923.0,8.12925807383752,54.9167110334579,1832.3734839871697,14.359459588462201,128.52
143,2018.0,YR2018,Niger,NER,105.40619976554599,7.73996263742447,2.58716978132725,9.65069234371185,33.4261268377304,9.78103637695313,26.357051849365202,50.0511705875397,14.6458005905151,39.4661750793457,13.0284204483032,4.83481454849243,17.717650588142398,1266700.0,,32.9272209674103,1213781.0,5.4723114548367695,110.87851122038299,305.05001508601396,25.1230031166528,176.35
144,2018.0,YR2018,Nigeria,NGA,82.1688347350864,3.75553853809834,0.5326576996594671,4.60144765675068,14.1832575201988,10.4849700927734,31.358472824096697,77.9058218002319,57.591861724853494,172.245895385742,17.4906520843506,5.84814691543579,215.06498896538102,910770.0,17196.23438,13.6530372484442,13463421.0,5.14625203650141,87.31508677158779,1604.24537391182,10.931274200972199,124.55
145,2018.0,YR2018,North Macedonia,MKD,23.6589619384777,6.06211498379707,4.08303588628769,12.8232419490814,67.3533260822296,221.20166015625,624.309875488281,32.2239756584167,105.829917907715,298.689697265625,3.91805505752563,1.38822150230408,82.59151467089609,25220.0,2667.3510739999997,48.3878261805863,584208.0,19.5811774673147,43.2401394057924,4192.66237988041,10.0086280142358,125.32
146,2018.0,YR2018,Northern Mariana Islands,MNP,,,,,,,,,,,,,123.65652173913,460.0,108.51255800000001,,,,,,,
147,2018.0,YR2018,Norway,NOR,26.8326768055474,10.446342080831501,8.92880782485008,17.8773567080498,85.47305464744571,6783.4619140625,5571.87939453125,14.5269453525543,1152.91284179688,946.9931030273441,0.0,0.0,14.554919537497499,365123.0078125,20282.20508,23.1580886011803,1012225.0,26.068446799660897,52.901123605208305,61865.201774768204,9.213874151510609,107.38
148,2018.0,YR2018,Oman,OMN,29.5200235854435,3.849071636796,3.3772822469472903,7.5657345354557,87.74276971817021,515.617126464844,1395.84997558594,12.2572273015976,72.0291366577148,194.993270874023,0.0,0.0,15.6041453957997,309500.0,5651.354004,35.430686365254004,1446563.0,3.17510515772216,32.6951287431657,9936.792255276341,15.0348046378572,146.22
149,2018.0,YR2018,Pakistan,PAK,58.3769051920961,2.89863366633654,0.9155353531241421,4.30303849279881,31.585064530372602,14.0847177505493,50.7124900817871,66.6725337505341,29.731258392334,107.048377990723,2.7975754737854,0.7769892811775211,275.28931870070596,770880.0,35871.94141,19.7918930572625,15400223.0,7.138296883557779,65.5152020756539,1460.7671361419198,10.0362325145512,130.37
150,2018.0,YR2018,Palau,PLW,,11.9611620903015,6.05499669909477,17.385633289814,50.6221413612366,808.113159179688,899.96044921875,26.6048043966293,558.308288574219,621.763671875,256.075836181641,229.941497802734,38.9282608695652,460.0,30.74201965,,,,,,22.7973586347382,
151,2018.0,YR2018,Panama,PAN,41.7415715192554,7.319491356611249,4.38573360443115,20.080940425395998,59.918558597564704,666.476135253906,1075.42407226563,39.61513936519621,440.640502929688,711.016357421875,8.36923503875732,5.18669319152832,56.1860774818402,74340.0,2892.144043,63.06276362486871,1783490.0,12.500927809582802,54.24249932883821,12510.3762431003,5.00940955593924,114.95
152,2018.0,YR2018,Papua New Guinea,PNG,58.9671332043839,2.46927607804537,1.8621437251567798,9.154981374740599,75.4125416278839,46.3469161987305,78.3533172607422,8.998544514179232,5.530311107635501,9.34945011138916,16.1968193054199,9.580610275268551,19.004363379410897,452860.0,2003.610596,32.3692434747469,366862.0,5.672275538784009,64.63940874316789,1834.3391984247303,11.029222932306599,123.05
153,2018.0,YR2018,Paraguay,PRY,45.908047698233396,6.654568761587139,3.02581451833248,10.478713363409,45.46972811222079,173.291076660156,394.052917480469,54.249030351638794,206.750152587891,470.13674926757795,2.4372987747192405,1.07184100151062,17.5083589227284,397300.0,,75.21655521049058,3222199.0,10.026949851576301,55.9349975498097,4821.33121438461,8.51606992056617,183.72
154,2018.0,YR2018,Peru,PER,39.005159747361205,4.995150491595269,3.16451340913773,14.8978784680367,63.351708650588996,210.689346313477,431.57373046875,36.406493186950705,121.077407836914,248.013626098633,1.64721632003784,0.8041521310806271,24.99160625,1280000.0,16425.76758,41.6927261076316,10390607.0,12.2327148794345,51.2378746267957,5419.921444749521,11.3606791434277,151.81
155,2018.0,YR2018,Philippines,PHL,48.4445513143913,4.4464077800512305,1.41886975616217,7.126046717166901,31.9104731082916,42.4093360900879,118.624755859375,65.495502948761,87.04415893554692,243.474517822266,9.64309120178223,3.4474852085113503,357.688305329175,298170.0,10817.37305,26.9502658922642,13482468.0,8.01473451706649,56.4592858314578,3288.5266237744704,11.1998531213293,113.99
156,2018.0,YR2018,Poland,POL,22.3228483510606,6.5419539809227,4.51180674135685,10.943061113357501,68.96726489067079,625.4090576171881,1350.49462890625,30.5524826049805,281.24383544921903,607.311828613281,0.361118972301483,0.16723285615444197,124.035886214442,306190.0,30501.3418,7.75038760750288,1767798.0,25.979298562723,48.302146913783595,11650.395155575901,8.30855632646578,117.6
157,2018.0,YR2018,Portugal,PRT,20.836465481978,8.96957442164421,5.9428621083498,13.013257086277001,66.2546098232269,1264.18298339844,1932.9169921875,33.6955517530441,642.934020996094,983.036499023438,1.4539982080459601,0.9509563446044921,112.23945350806999,91605.595703125,12764.67676,43.6597443041146,2927316.0,33.9904961338509,54.82696161582889,17188.420795283702,14.1350943963976,108.59
158,2018.0,YR2018,Puerto Rico,PRI,26.106902904309802,,,,,,,,,,,,360.220180383315,8870.0,8511.401367,82.0859476380955,2454337.0,28.958167922334297,55.0650708266441,,,104.0
159,2018.0,YR2018,Qatar,QAT,15.9136019765888,2.60742865502834,2.10516639053822,6.29298314452171,80.7372570037842,1331.50769042969,2708.23266601563,19.2627444863319,317.678497314453,646.145202636719,0.0,0.0,239.59319552110298,11610.0,1495.149292,25.1439377868194,693373.0,1.6101611132846,17.5237630898734,47932.6540405274,10.5778460965984,169.67
160,2018.0,YR2018,Romania,ROU,23.492090941125802,5.15788830816746,4.0533933788538,12.0533011853695,78.587794303894,436.236267089844,1074.89709472656,21.4122027158737,118.85788726806601,292.868804931641,0.0,0.0,84.6398470097357,230080.0,15594.78906,17.320847933952198,1821380.0,27.7326525551555,51.2247434962813,8431.93090176465,8.81080505184164,112.93
161,2018.0,YR2018,Russian Federation,RUS,26.5743340507976,5.3445778787136105,3.05115282535553,8.78356099128723,57.0887506008148,334.46771240234403,801.649780273438,42.9112493991852,251.40550231933602,602.56689453125,0.0,0.0,8.82207955488442,16376870.0,187538.1445,11.5397185738909,12409738.0,21.768942923753,48.3432769745506,8573.20240529253,11.860039369946401,147.45
162,2018.0,YR2018,Rwanda,RWA,70.0266549409039,6.57159835100174,2.25612297654152,8.88276100158691,34.3314200639725,16.8925876617432,46.1316413879395,15.2700543403625,7.51354646682739,20.518600463867198,67.72125244140629,24.7983207702637,498.659870287799,24670.0,,49.9618615709632,1057836.0,5.14694249928767,75.1735974401916,597.527747472108,19.384330866849698,140.61
163,2018.0,YR2018,Samoa,WSM,67.37183681884599,5.482785776257519,4.08721677958965,11.577733606100098,74.5463490486145,173.741500854492,271.31744384765597,12.397624552249901,28.8945331573486,45.122154235839794,47.5184478759766,30.429031372070302,69.3038869257951,2830.0,108.1327591,,,8.43963175775612,75.8114685766021,3686.44130240271,28.4329749169923,117.68
164,2018.0,YR2018,San Marino,SMR,,7.36408308148384,6.01250529289246,12.158650159835801,81.6463530063629,2744.66040039063,3567.72045898438,18.353646993637103,616.984375,802.0037231445309,0.0,0.0,563.083333333333,60.0,57.78162003,,,,,,,
165,2018.0,YR2018,Sao Tome and Principe,STP,77.9404994571118,6.22999146580696,2.84106228500605,10.762250423431402,45.602989196777294,54.58479309082029,95.41845703125,15.4506772756577,18.493787765502898,32.3285789489746,81.4902572631836,46.6170654296875,219.820833333333,960.0,68.23683167,,,5.362866449511401,83.3033659066232,738.900246278788,29.2123022808847,111.36
166,2018.0,YR2018,Saudi Arabia,SAU,34.9550223816383,5.23025318980217,3.35191413760185,10.0643172860146,64.0870332717896,700.731201171875,1811.31384277344,35.9129667282104,392.674438476563,1015.0206298828099,0.0,0.0,15.6766543082956,2149690.0,41223.73828,24.4434653586729,6906595.0,4.62583264561008,39.5808550272483,16851.914091740702,14.7633892356609,107.06
167,2018.0,YR2018,Senegal,SEN,79.942874883722,4.13406379520893,0.8672700263559822,3.88814993202686,20.978632569313,11.541193962097198,30.0187339782715,62.3084008693695,34.278366088867195,89.1583023071289,23.9149112701416,9.194478988647461,82.3474783150678,192530.0,1796.192627,39.807845239034,2978419.0,5.73143700151813,85.6743118852401,1159.1991850208801,21.039026883564,148.46
168,2018.0,YR2018,Serbia,SRB,23.785019763171896,8.433958142995829,4.78330999612808,11.918024718761401,56.71488642692571,299.763763427734,783.8920288085941,43.1265503168106,227.943283081055,596.079040527344,2.19157981872559,0.8380697965621949,79.8317402241024,87460.0,,35.475288345826606,1389351.0,27.811600502123103,51.596620265295,4543.975108803111,,98.59
169,2018.0,YR2018,Seychelles,SYC,34.3687540387419,5.006735026836401,3.6571417003869997,10.139220207929599,73.0444431304932,578.26123046875,1085.05615234375,26.3674467802048,208.739639282227,391.681457519531,8.73622703552246,4.65581607818604,210.35217391304298,460.0,122.51048279999999,,,11.043986595134001,45.4127406338758,11667.027363668201,27.5615142553732,103.99
170,2018.0,YR2018,Sierra Leone,SLE,73.3551109016595,13.420927524566698,1.84365287423134,7.910802960395809,13.7371480464935,9.121767044067381,28.210786819457997,67.5986409187317,44.8869743347168,138.821441650391,38.329063415527294,12.393443107605,105.987170961485,72180.0,710.4832763999999,35.3078322255625,1135949.0,5.2998985073149,78.65500940897441,407.605602141689,32.568107826121,201.22
171,2018.0,YR2018,Singapore,SGP,16.100913473401302,4.44038286805153,2.14045811444521,12.568946182727801,48.2043623924255,1262.33349609375,2058.30590820313,47.128564119338996,1356.37878417969,2211.65209960938,0.0,0.0,7952.9984184018,709.0000152587891,565.5597534,100.0,5791901.0,15.0322991301549,31.1332126035562,47165.7875085154,3.76514113548598,114.9
172,2018.0,YR2018,Sint Maarten (Dutch part),SXM,,,,,,,,,,,,,1193.3529411764698,34.0,,,,,,,,
173,2018.0,YR2018,Slovak Republic,SVK,22.410197098370197,6.74253478646278,5.3335927426815,13.2689476013184,79.10366654396059,938.2774047851559,1727.78454589844,20.894582569599198,247.83825683593798,456.380065917969,0.0,0.0,113.290578202995,48080.0,,14.6907818009534,429920.0,22.6758486438799,45.0860457422501,13785.474298778101,5.5588713721239005,101.77
174,2018.0,YR2018,Slovenia,SVN,22.979172874875,8.187017589807509,5.879110842943191,13.617534935474401,71.81817889213559,1378.95739746094,2126.0068359375,28.210228681564303,541.655334472656,835.0968627929691,0.0,0.0,102.639859503382,20141.999511718797,2509.15625,,,29.9930959806215,52.9722688554965,18407.238386923502,7.72337484307569,88.7
175,2018.0,YR2018,Solomon Islands,SLB,71.6557295672618,4.68491911888123,3.33397313952446,7.16584175825119,71.1639404296875,72.04627990722659,82.0080108642578,5.39916232228279,5.46610450744629,6.22189474105835,27.0082473754883,23.727481842041,23.324687388353,27990.0,72.10932922,,,6.40843111263849,78.0641606799003,1337.3891722709698,21.998641106651302,112.42
176,2018.0,YR2018,Somalia,SOM,92.13942987658041,,,,,,,,,,,,23.923476902477102,627340.0,398.7160645,30.841994827032103,2081624.0,5.684085625279599,97.82351550185999,,,107.95
177,2018.0,YR2018,South Africa,ZAF,44.32679644415179,8.11311826109886,4.35276962816715,13.338576257228901,53.651005029678295,267.845947265625,588.991027832031,44.3889558315277,221.606338500977,487.310485839844,21.5177173614502,9.78526401519775,47.630119776768396,1213090.0,53460.3125,14.308903248718801,5485986.0,8.10640476899017,52.4332012131419,4941.6275486163595,7.09021504916903,116.66
178,2018.0,YR2018,South Sudan,SSD,76.340008136028,9.76099446415901,0.82402266561985,2.10620518773794,8.44199508428574,1.9322522878646897,14.838268280029302,23.4407633543015,5.36525583267212,41.2011947631836,119.727851867676,15.591066360473599,,,,17.1354625586469,368914.0,6.20372135135234,82.54372948738029,,,
179,2018.0,YR2018,Spain,ESP,22.238062468045698,8.873129636049269,6.26586750149727,15.284673869609803,70.616203546524,1769.97021484375,2449.45849609375,29.3837994337082,736.49462890625,1019.2335205078099,0.0,0.0,93.5290582615872,499563.984375,69794.58594,17.3122841434921,6497124.0,29.3816342571803,51.619696725226,23216.408258569103,11.0922577434355,103.9
180,2018.0,YR2018,Sri Lanka,LKA,37.038240475729204,3.81142050027847,1.6369683668017398,8.4723949432373,42.949035763740504,68.49716186523439,216.27555847168,55.708456039428704,88.8464889526367,280.527313232422,6.76039266586304,2.14110040664673,345.558922022006,62710.0,4016.1464840000003,14.981483604491698,599821.0,16.0313126480588,53.0695531237879,3659.8037022561602,13.3750456337582,131.27
181,2018.0,YR2018,St. Kitts and Nevis,KNA,,5.0368070602417,2.34724264591932,8.152938634157179,46.601799130439794,420.655334472656,672.059509277344,53.3982038497925,482.00369262695295,770.072631835938,0.0,0.0,201.69615384615398,260.0,230.6646423,,,,,,25.3818111666244,39.12
182,2018.0,YR2018,St. Lucia,LCA,25.8550057537399,4.54588681459427,2.22526714205742,8.93580988049507,48.9512234926224,225.20930480957,324.210418701172,50.8214712142944,233.81373596191398,336.597320556641,1.5054708719253502,1.04575932025909,298.17868852459,610.0,351.21038819999995,,,13.6839278864595,39.5389336401995,7711.43006792722,24.6437117857531,64.41
183,2018.0,YR2018,St. Martin (French part),MAF,,,,,,,,,,,,,672.058823529412,54.4,,,,,,,,
184,2018.0,YR2018,St. Vincent and the Grenadines,VCT,33.2134549052114,4.48712520301342,2.88701932877302,9.45978537201881,64.34006690979,206.269958496094,339.762084960938,34.4270020723343,110.37066650390601,181.799468994141,6.51074361801147,3.9526803493499796,282.589743589744,390.0,111.68115230000001,,,14.130056953394499,47.343511858605794,6635.57836146511,26.2860377030974,103.62
185,2018.0,YR2018,Sudan,SDN,72.45350988181771,6.34180754423141,1.14202881231904,8.28414186835289,18.007937073707602,34.8981323242188,56.487434387207,76.6169428825378,148.47830200195298,240.332595825195,16.8607158660889,10.4166078567505,,,6517.513672,38.216436603641796,5534079.0,6.405218170336321,78.85872805215399,764.36080711332,17.9774054269454,106.86
186,2018.0,YR2018,Suriname,SUR,41.2148122397706,6.2297698110342,3.6481559276580797,11.776809394359601,58.560043573379495,198.710601806641,554.198486328125,33.3503633737564,139.758682250977,389.783142089844,2.39485740661621,0.8586879968643192,3.69225,156000.0,692.7034912,,,10.4763334413096,51.69114568108021,2494.0202529128896,13.2396374226199,156.91
187,2018.0,YR2018,Sweden,SWE,28.210885588460805,11.018746346235302,9.2221312224865,18.6948835849762,83.6949229240417,4941.8369140625,4770.28125,16.3050755858421,962.7468872070309,929.3251342773441,0.0,0.0,25.001043431293102,407310.0,31152.320310000003,17.779660735201002,1582968.0,32.244321384941394,60.455206973402206,45159.058705965304,10.391282867280301,99.64
188,2018.0,YR2018,Switzerland,CHE,22.4340081369479,12.346322089433698,3.76474261283875,11.023586988449098,30.492827296257,3035.9453125,2505.58276367188,36.3987684249878,6920.314453125,5711.37451171875,0.0,0.0,215.521378417094,39516.0009765625,7898.148926000001,21.810489274939698,1370779.0,28.019239405152,50.453247542099895,64306.962196286506,5.68234752439552,102.84
189,2018.0,YR2018,Syrian Arab Republic,SYR,49.038439614218206,3.56564745306969,1.61476172506809,4.47145327925682,45.28663754463199,31.6518230438232,72.3319549560547,53.6898612976074,37.5250205993652,85.7536163330078,1.6347428560257,0.7153489589691159,92.0671077710614,183630.0,11955.19727,25.3314456248326,2319545.0,7.027860036000071,56.0662996502183,,21.0370083244458,85.25
190,2018.0,YR2018,Tajikistan,TJK,61.1097339207344,7.22881481051445,2.09663957357407,5.88405542075634,29.003918170928998,16.7932262420654,67.1219100952148,63.3436381816864,36.675872802734396,146.59211730957,17.706684112548803,4.430034160614009,65.57271417249079,138790.0,,35.3383647421805,872653.0,5.02026051898618,66.1299944397206,792.9677538831199,,155.46
191,2018.0,YR2018,Tanzania,TZA,82.7351876910941,3.6454513669014,1.5766391530633,9.52143520116806,43.2494908571243,14.6687459945679,45.1152687072754,24.934026598930398,8.45676803588867,26.0096797943115,33.189037322998,10.7910614013672,63.579078798825904,885800.0,3405.80542,31.792519064024802,6047600.0,4.88044482732659,87.6156325184207,848.1282391025,7.2379463744212496,168.95
192,2018.0,YR2018,Thailand,THA,24.0620745349161,3.74601632356644,2.8517529368400605,15.027785301208501,76.1276185512543,188.061935424805,510.722747802734,20.9133625030518,58.406009674072294,158.614105224609,1.54021656513214,0.567149460315704,135.897206835131,510890.0,36597.01563,29.2867702400653,10156316.0,16.758960190083002,40.8210347249991,4967.84426499955,6.27376473021143,114.55
193,2018.0,YR2018,Timor-Leste,TLS,65.2483274129928,3.88229340314865,2.5619076564907997,5.18730282783508,65.9895420074463,54.9017868041992,174.10939025878898,11.6216510534286,9.668947219848631,30.663019180297898,59.071495056152294,18.626972198486303,85.270477471419,14870.0,359.41906739999996,,,7.45472573931615,72.7030531523089,1299.56110890498,30.2229416571662,118.51
194,2018.0,YR2018,Togo,TGO,74.0814893907038,6.19951225817204,1.09466044232249,5.05294166505337,17.6572009921074,6.71833801269531,18.315872192382802,68.6283886432648,26.1122188568115,71.1884536743164,14.2259998321533,5.21815586090088,145.04677330391598,54390.0,1663.073608,53.063579246848704,1745744.0,5.14278249806897,79.22427188877279,511.71935906191703,17.6782979756557,145.0
195,2018.0,YR2018,Tonga,TON,60.4049252127923,5.26931136846542,3.0742092058062593,7.3839858174324,58.34176540374761,129.527755737305,195.624572753906,14.261069893836998,31.6617870330811,47.8185043334961,91.8648834228516,60.825954437255895,143.329166666667,720.0,181.8270264,,,10.1545326832493,70.55945789604169,3890.0100574230896,27.180430221874104,137.98
196,2018.0,YR2018,Trinidad and Tobago,TTO,29.660010827148103,6.978735327720639,3.71267274022102,11.211204528808599,53.199785947799704,598.014343261719,1173.484375,46.8002110719681,526.0772705078131,1032.32214355469,0.0,0.0,270.927485380117,5130.0,2286.748047,73.6512793872145,544417.0,15.5928699676231,45.2528807947712,12658.1896225984,11.4133730676156,96.14
197,2018.0,YR2018,Tunisia,TUN,35.8000577601239,7.23245739936829,4.13129851222038,13.627801835537,57.12164640426639,143.125259399414,493.125854492188,42.4475938081741,106.357635498047,366.446166992188,3.71869897842407,1.0793182849884,74.44132337796091,155360.0,9897.881836,28.729411823723996,2290777.0,12.316930183891099,48.1169879440149,2641.8477156768,11.080499257453498,117.64
198,2018.0,YR2018,Turkey,TUR,36.863132445720794,4.21630293130875,3.27651053667068,9.68901440501213,77.71027088165279,345.542633056641,917.482788085938,22.2897291183472,99.1124114990234,263.16265869140597,0.0,0.0,106.960128893104,769630.0,44090.15625,23.846370473043603,14750771.0,12.686623535926199,49.549755981646996,8651.98592806395,5.903148288751219,134.45
199,2018.0,YR2018,Turkmenistan,TKM,47.6013601082427,6.93044811487198,1.5449026599526399,8.71392339468002,22.291527688503297,101.756958007813,278.56060791015597,77.60856151580809,354.269622802734,969.8163452148441,1.24853575229645,0.456084579229355,12.450594769433698,469930.0,,26.839268695139104,810186.0,6.836386326910599,54.437746435153294,3506.2083352490304,,113.04
200,2018.0,YR2018,Turks and Caicos Islands,TCA,,,,,,,,,,,,,39.647368421052605,950.0,17.49214363,,,,,,25.3418620110318,
201,2018.0,YR2018,Tuvalu,TUV,,17.1425551176071,12.452830374240902,10.0000001490116,72.6427912712097,451.966461181641,504.37960815429705,0.5221799015998839,3.2488815784454306,3.62564444541931,186.323287963867,166.96130371093798,383.6,30.0,0.0,,,,,,,110.72
202,2018.0,YR2018,Uganda,UGA,91.7893881964567,6.18775598704815,0.971404835581779,5.135318264365201,15.6988218426704,6.03249883651733,19.019401550293,41.7922616004944,16.059278488159197,50.6320686340332,51.500308990478494,16.3346652984619,213.06173449032502,200520.0,,29.401912907542897,2986352.0,3.7962945371650694,95.5856827336218,427.884682996662,12.466561398861302,98.31
203,2018.0,YR2018,Ukraine,UKR,23.3383573056095,6.99532032012939,3.0795931816101096,7.423895597457889,44.0236210823059,78.10182189941409,257.358276367188,54.2956948280334,96.3253860473633,317.407958984375,9.82514572143555,2.9816865921020494,77.02966735141291,579290.0,32160.1582,9.55421704227543,2956706.0,24.256802547437402,47.595159853046894,2619.90487808883,8.56683983172369,169.07
204,2018.0,YR2018,United Arab Emirates,ARE,17.32090066447,3.33428233861923,2.3998128250241297,7.89050087332726,71.9738960266113,976.6983032226559,1776.71105957031,28.026106953620896,380.319152832031,691.838256835938,0.0,0.0,135.609110109828,71020.0,8568.158203,33.4262581877277,2785376.0,1.2868957593006398,18.6077964237707,37374.460621026,8.21445102784044,102.28
205,2018.0,YR2018,United Kingdom,GBR,27.6539553260015,9.631694108247759,7.64871090650558,18.7395721673965,79.4117748737335,3064.24633789063,3445.18408203125,20.578195154666897,794.0466918945309,892.7601928710941,0.437322646379471,0.38896742463111894,274.82739222089003,241930.0,58698.75,16.3145270008349,9046485.0,28.776790862684003,56.430746188685596,34170.5625138448,7.01546440966562,103.82
206,2018.0,YR2018,United States,USA,28.5707015502424,17.0612692832947,8.55761468410492,22.5492045283318,50.158137083053596,5139.27197265625,5139.27197265625,15.472993254661601,5106.8662109375,5106.8662109375,0.0,0.0,35.766088580168,9147420.0,802053.5923,6.99305941298036,18819361.0,24.1399755399275,52.710677090169796,51484.941242542,5.968367495909951,122.32
207,2018.0,YR2018,Uruguay,URY,31.9120204034082,9.29621160030365,6.58495426177979,19.775499403476697,70.8348155021667,1127.35961914063,1488.8850097656302,29.1586428880692,464.06954956054705,612.888916015625,0.137460201978683,0.10408263653516801,19.7080276539824,175020.0,4689.679688,52.822429451808006,1736989.0,22.9406802602593,54.8527006636675,14185.3059237461,14.5743631910518,116.65
208,2018.0,YR2018,Uzbekistan,UZB,42.8823408004826,6.41438513994217,2.7774000540375696,10.1703204214573,43.29955279827121,42.790599822998,193.926666259766,54.083514213562005,53.4478034973145,242.225021362305,11.7205104827881,2.58617162704468,77.46920545369059,425400.0,,14.8117545976379,2463969.0,6.6061023930108,49.488443193493396,1373.0146079020699,9.43900899619048,157.08
209,2018.0,YR2018,Vanuatu,VUT,67.54849249962871,3.31685319542885,2.03979462385178,5.30157759785652,61.497890949249296,64.9826812744141,67.9129791259766,12.2554607689381,12.9499187469482,13.5338745117188,28.9845409393311,27.7339210510254,24.0098441345365,12190.0,97.80545807,,,6.32942224862617,73.87791474825491,2702.84155648066,24.9594640755829,124.05
210,2018.0,YR2018,"Venezuela, RB",VEN,42.5206653937926,1.1812101118266598,0.18826950108632398,1.3708371669053998,15.9386962652206,15.018933296203599,22.477098464965803,84.0429425239563,79.1931457519531,118.519203186035,0.0258944518864155,0.0173023696988821,32.7307919052208,882050.0,34403.92578,11.523523568177,2934560.0,11.168575463143402,53.689240856935996,14755.192369586399,18.405068257125603,107.73
211,2018.0,YR2018,Vietnam,VNM,33.316888030406396,5.53212836384773,2.6898795738816297,9.47559922933578,48.6228704452515,63.003547668457,182.648513793945,49.3839085102081,63.9896774291992,185.50733947753898,7.487411975860599,2.5827393531799303,308.12524591221296,310070.0,7589.041504000001,23.735537626459397,8145361.0,10.4597167955707,43.7766048259771,1948.6208531662803,8.01815543833004,136.18
212,2018.0,YR2018,Virgin Islands (U.S.),VIR,32.3183253133908,,,,,,,,,,,,305.648571428571,350.0,302.0132141,,,31.621050050571604,63.939375363962405,,,107.17
213,2018.0,YR2018,West Bank and Gaza,PSE,67.2441462598979,,,,,,,,,,,,758.984551495017,6020.0,2496.458252,19.3574193555803,673638.0,5.40975708371987,72.6539033436178,,28.3175914802059,87.65
214,2018.0,YR2018,"Yemen, Rep.",YEM,68.8848748790672,4.2345754802227,0.431183259934187,2.22872421145439,10.1824432611465,7.33537817001343,14.154111862182601,82.03361034393309,59.0965728759766,114.03087615966801,10.820415496826199,5.60768747329712,53.9778529083092,527970.0,4703.399902,26.6154649528479,2779317.0,5.00143874673079,73.886313625798,1060.4948872745,46.925912589400504,141.69
215,2018.0,YR2018,Zambia,ZMB,84.8425124452545,4.470341280102731,1.7270274460315702,6.85665383934975,38.6330097913742,26.1347141265869,69.64398193359379,18.7886714935303,12.7102851867676,33.8704605102539,76.75621032714841,28.803663253784197,23.341478900711603,743390.0,,33.4209340801511,2523844.0,3.9643317646418796,88.80684420989641,1129.39337491726,5.2767110812003395,179.77
216,2018.0,YR2018,Zimbabwe,ZWE,77.57322913702271,6.635916233062741,3.42518053948879,15.234252810478198,51.615792512893705,56.8545989990234,103.771202087402,33.6588054895401,37.075046539306605,67.66949462890629,29.6047554016113,16.219976425170902,37.3245909267158,386850.0,,32.5763444910973,1515016.0,5.377886902672759,82.9511160396955,1142.94041780676,11.7106902130218,88.75
